url,_rejected,_unreachable,_payload_mismatch,_bot_challenge,_rate_limited,_geo_blocked,_unsupported_browser,_interstitial,_auth,_paywall,_parked,_gone,_not_found,_client_error,_server_error,_app_shell,_partial
https://en.wikipedia.org/wiki/Python_(programming_language),false,false,false,false,false,false,false,false,false,false,false,false,false,false,false,false,false
https://www.bbc.com/news,false,false,false,false,false,false,false,false,false,false,false,false,false,false,false,false,false
https://www.theguardian.com/international,false,false,false,false,false,false,false,false,false,false,false,false,false,false,false,false,false
https://news.ycombinator.com/,false,false,false,false,false,false,false,false,false,false,false,false,false,false,false,false,false
https://www.gov.uk/,false,false,false,false,false,false,false,false,false,false,false,false,false,false,false,false,false
https://docs.python.org/3/library/json.html,false,false,false,false,false,false,false,false,false,false,false,false,false,false,false,false,false
https://developer.mozilla.org/en-US/docs/Web/JavaScript,false,false,false,false,false,false,false,false,false,false,false,false,false,false,false,false,false
https://github.com/python/cpython,true,false,false,false,false,false,false,false,false,false,false,false,false,false,false,false,true
https://arxiv.org/abs/1706.03762,false,false,false,false,false,false,false,false,false,false,false,false,false,false,false,false,false
https://lobste.rs/,false,false,false,false,false,false,false,false,false,false,false,false,false,false,false,false,false
https://www.rust-lang.org/,false,false,false,false,false,false,false,false,false,false,false,false,false,false,false,false,false
https://go.dev/,false,false,false,false,false,false,false,false,false,false,false,false,false,false,false,false,false
https://nodejs.org/en,false,false,false,false,false,false,false,false,false,false,false,false,false,false,false,false,false
https://react.dev/,false,false,false,false,false,false,false,false,false,false,false,false,false,false,false,false,false
https://vuejs.org/,false,false,false,false,false,false,false,false,false,false,false,false,false,false,false,false,false
https://svelte.dev/,false,false,false,false,false,false,false,false,false,false,false,false,false,false,false,false,false
https://nextjs.org/docs,false,false,false,false,false,false,false,false,false,false,false,false,false,false,false,false,false
https://tailwindcss.com/,false,false,false,false,false,false,false,false,false,false,false,false,false,false,false,false,false
https://docs.stripe.com/,false,false,false,false,false,false,false,false,false,false,false,false,false,false,false,false,false
https://www.apple.com/,false,false,false,false,false,false,false,false,false,false,false,false,false,false,false,false,false
https://www.microsoft.com/en-us/,false,false,false,false,false,false,false,false,false,false,false,false,false,false,false,false,false
https://www.w3.org/,false,false,false,false,false,false,false,false,false,false,false,false,false,false,false,false,false
https://datatracker.ietf.org/doc/html/rfc9110,false,false,false,false,false,false,false,false,false,false,false,false,false,false,false,false,false
https://www.nasa.gov/,false,false,false,false,false,false,false,false,false,false,false,false,false,false,false,false,false
https://www.who.int/,false,false,false,false,false,false,false,false,false,false,false,false,false,false,false,false,false
https://www.mozilla.org/en-US/firefox/,false,false,false,false,false,false,false,false,false,false,false,false,false,false,false,false,false
https://blog.cloudflare.com/,false,false,false,false,false,false,false,false,false,false,false,false,false,false,false,false,false
https://martinfowler.com/,false,false,false,false,false,false,false,false,false,false,false,false,false,false,false,false,false
https://paulgraham.com/articles.html,false,false,false,false,false,false,false,false,false,false,false,false,false,false,false,false,false
https://www.python.org/,false,false,false,false,false,false,false,false,false,false,false,false,false,false,false,false,false
https://pypi.org/project/requests/,true,false,false,true,false,false,false,false,false,false,false,false,false,false,false,false,false
https://www.debian.org/,false,false,false,false,false,false,false,false,false,false,false,false,false,false,false,false,false
https://kernel.org/,false,false,false,false,false,false,false,false,false,false,false,false,false,false,false,false,false
https://example.org/,false,false,false,false,false,false,false,false,false,false,false,false,false,false,false,false,false
https://httpbin.org/html,false,false,false,false,false,false,false,false,false,false,false,false,false,false,false,false,false
https://www.cnn.com/,true,false,false,false,false,false,false,false,false,false,false,false,false,false,false,false,true
https://apnews.com/,true,false,false,true,false,false,false,false,false,false,false,false,false,true,false,false,false
https://techcrunch.com/,false,false,false,false,false,false,false,false,false,false,false,false,false,false,false,false,false
https://www.theverge.com/,true,false,false,false,false,false,false,false,false,false,false,false,false,false,false,false,true
https://arstechnica.com/,false,false,false,false,false,false,false,false,false,false,false,false,false,false,false,false,false
https://dev.to/,false,false,false,false,false,false,false,false,false,false,false,false,false,false,false,false,false
https://www.smashingmagazine.com/,false,false,false,false,false,false,false,false,false,false,false,false,false,false,false,false,false
https://css-tricks.com/,false,false,false,false,false,false,false,false,false,false,false,false,false,false,false,false,false
https://www.shopify.com/,false,false,false,false,false,false,false,false,false,false,false,false,false,false,false,false,false
https://www.hubspot.com/,false,false,false,false,false,false,false,false,false,false,false,false,false,false,false,false,false
https://www.notion.so/,false,false,false,false,false,false,false,false,false,false,false,false,false,false,false,false,false
https://linear.app/,false,false,false,false,false,false,false,false,false,false,false,false,false,false,false,false,false
https://grafana.com/,false,false,false,false,false,false,false,false,false,false,false,false,false,false,false,false,false
https://lichess.org/,false,false,false,false,false,false,false,false,false,false,false,false,false,false,false,false,false
https://go.dev/play/,false,false,false,false,false,false,false,false,false,false,false,false,false,false,false,false,false
https://www.ikea.com/us/en/,true,false,false,false,false,false,false,false,false,false,false,false,false,false,false,false,true
https://www.imdb.com/title/tt0111161/,true,false,false,true,false,false,false,false,false,false,false,false,false,false,false,false,false
https://stackoverflow.com/questions/231767/what-does-the-yield-keyword-do-in-python,true,false,false,true,false,false,false,false,false,false,false,false,false,true,false,false,false
https://www.npmjs.com/package/react,false,false,false,false,false,false,false,false,false,false,false,false,false,false,false,false,false
https://www.craigslist.org/about/sites,false,false,false,false,false,false,false,false,false,false,false,false,false,false,false,false,false
https://www.allrecipes.com/,false,false,false,false,false,false,false,false,false,false,false,false,false,false,false,false,false
https://www.nike.com/,true,false,false,false,false,false,false,false,false,false,false,false,false,false,false,false,true
https://app.netlify.com/,true,false,false,false,false,false,false,false,false,false,false,false,false,false,false,true,false
https://excalidraw.com/,true,false,false,false,false,false,false,false,false,false,false,false,false,false,false,true,false
https://crates.io/crates/serde,true,false,false,false,false,false,false,false,false,false,false,false,false,false,false,true,false
https://discord.com/app,true,false,false,false,false,false,false,false,false,false,false,false,false,false,false,true,false
https://mail.proton.me/,true,false,false,false,false,false,false,false,false,false,false,false,false,false,false,true,false
https://app.todoist.com/,true,false,false,false,false,false,false,false,true,false,false,false,false,false,false,true,false
https://app.diagrams.net/,true,false,false,false,false,false,false,false,false,false,false,false,false,false,false,true,false
https://squoosh.app/,false,false,false,false,false,false,false,false,false,false,false,false,false,false,false,false,false
https://www.photopea.com/,false,false,false,false,false,false,false,false,false,false,false,false,false,false,false,false,false
https://www.tldraw.com/,true,false,false,false,false,false,false,false,false,false,false,false,false,false,false,true,false
https://stackblitz.com/,false,false,false,false,false,false,false,false,false,false,false,false,false,false,false,false,false
https://codesandbox.io/,false,false,false,false,false,false,false,false,false,false,false,false,false,false,false,false,false
https://play.rust-lang.org/,true,false,false,false,false,false,false,false,false,false,false,false,false,false,false,true,false
https://app.element.io/,true,false,false,false,false,false,false,false,false,false,false,false,false,false,false,true,false
https://open.spotify.com/,true,false,false,false,false,false,false,false,false,false,false,false,false,false,false,true,false
https://www.youtube.com/,true,false,false,false,false,false,false,false,false,false,false,false,false,false,false,true,false
https://www.google.com/maps,true,false,false,false,false,false,false,false,false,false,false,false,false,false,false,true,false
https://app.powerbi.com/,true,false,false,false,false,false,false,false,false,false,false,false,false,false,false,true,false
https://portal.azure.com/,true,false,false,false,false,false,false,false,false,false,false,false,false,false,false,true,false
https://vercel.com/dashboard,true,false,false,false,false,false,false,false,true,false,false,false,false,false,false,false,false
https://supabase.com/dashboard,true,false,false,false,false,false,false,false,false,false,false,false,false,false,false,true,false
https://console.cloud.google.com/,true,false,false,false,false,false,false,false,true,false,false,false,false,false,false,false,false
https://app.hubspot.com/,true,false,false,false,false,false,false,false,false,false,false,false,false,false,false,true,false
https://www.twitch.tv/,true,false,false,false,false,false,false,false,false,false,false,false,false,false,false,true,false
https://www.instagram.com/,true,false,false,false,false,false,false,false,false,false,false,false,false,false,false,true,false
https://www.pinterest.com/,true,false,false,false,false,false,false,false,false,false,false,false,false,false,false,true,false
https://www.tiktok.com/,true,false,false,true,false,false,false,false,false,false,false,false,false,false,false,false,false
https://www.airbnb.com/,true,false,false,false,false,false,false,false,false,false,false,false,false,false,false,true,false
https://app.uniswap.org/,true,false,false,false,false,false,false,false,false,false,false,false,false,false,false,true,false
https://www.duolingo.com/,true,false,false,false,false,false,false,false,false,false,false,false,false,false,false,true,false
https://kahoot.it/,true,false,false,false,false,false,false,false,false,false,false,false,false,false,false,true,false
https://jsoncrack.com/editor,true,false,false,false,false,false,false,false,false,false,false,false,false,false,false,true,false
https://www.desmos.com/calculator,true,false,false,false,false,false,false,false,false,false,false,false,false,false,false,true,false
https://miro.com/app/dashboard/,true,false,false,false,false,false,false,false,true,false,false,false,false,false,false,true,false
https://app.datadoghq.com/,true,false,false,false,false,false,true,false,true,false,false,false,false,false,false,false,false
https://app.posthog.com/,true,false,false,false,false,false,false,false,true,false,false,false,false,false,false,true,false
https://www.figma.com/files,true,false,false,false,false,false,false,false,true,false,false,false,false,false,false,true,false
https://github.com/this-user-does-not-exist-zz9q/nothing,true,false,false,false,false,false,false,false,false,false,false,false,true,false,false,false,false
https://en.wikipedia.org/wiki/Zz9q_nonexistent_article_xyz,true,false,false,false,false,false,false,false,false,false,false,false,true,false,false,false,false
https://www.python.org/zz9q-nope,true,false,false,false,false,false,false,false,false,false,false,false,true,false,false,false,false
https://docs.python.org/3/zz9q.html,true,false,false,false,false,false,false,false,false,false,false,false,true,false,false,false,false
https://developer.mozilla.org/en-US/docs/zz9q,true,false,false,false,false,false,false,false,false,false,false,false,true,false,false,false,false
https://www.bbc.com/news/zz9q-nope,true,false,false,false,false,false,false,false,false,false,false,false,true,false,false,false,false
https://www.theguardian.com/zz9q-nope,true,false,false,false,false,false,false,false,false,false,false,false,true,false,false,false,false
https://www.gov.uk/zz9q-nope,true,false,false,false,false,false,false,false,false,false,false,false,true,false,false,false,false
https://pypi.org/project/zz9q-nonexistent-pkg/,true,false,false,true,false,false,false,false,false,false,false,false,false,false,false,false,false
https://www.rust-lang.org/zz9q,true,false,false,false,false,false,false,false,false,false,false,false,true,false,false,false,false
https://go.dev/zz9q,true,false,false,false,false,false,false,false,false,false,false,false,true,false,false,false,false
https://nodejs.org/zz9q,true,false,false,false,false,false,false,false,false,false,false,false,true,false,false,true,false
https://react.dev/zz9q,true,false,false,false,false,false,false,false,false,false,false,false,true,false,false,false,false
https://www.apple.com/zz9q,true,false,false,false,false,false,false,false,false,false,false,false,false,true,false,false,false
https://httpbin.org/status/404,true,false,false,false,false,false,false,false,false,false,false,false,true,false,false,false,false
https://httpbin.org/status/500,true,false,false,false,false,false,false,false,false,false,false,false,false,false,true,false,false
https://news.ycombinator.com/item?id=999999999999,true,false,false,false,false,false,false,false,false,false,false,false,true,false,false,false,false
https://stackoverflow.com/questions/999999999999,true,false,false,true,false,false,false,false,false,false,false,false,false,true,false,false,false
https://www.npmjs.com/package/zz9q-nonexistent,true,false,false,true,false,false,false,false,false,false,false,false,false,true,false,false,false
https://arxiv.org/abs/9999.99999,true,false,false,false,false,false,false,false,false,false,false,false,true,false,false,false,false
https://lobste.rs/s/zz9qzz,true,false,false,false,false,false,false,false,false,false,false,false,true,false,false,false,false
https://dev.to/zz9q-nonexistent-user,true,false,false,false,false,false,false,false,false,false,false,false,true,false,false,false,false
https://vercel.com/zz9q,true,false,false,false,false,false,false,false,true,false,false,false,false,false,false,false,false
https://www.w3.org/zz9q,true,false,false,false,false,false,false,false,false,false,false,false,true,false,false,false,false
https://www.debian.org/zz9q,true,false,false,false,false,false,false,false,false,false,false,false,true,false,false,false,false
https://tailwindcss.com/zz9q,true,false,false,false,false,false,false,false,false,false,false,false,true,false,false,true,false
https://svelte.dev/zz9q,true,false,false,false,false,false,false,false,false,false,false,false,true,false,false,false,false
https://vuejs.org/zz9q,true,false,false,false,false,false,false,false,false,false,false,false,true,false,false,true,false
https://crates.io/crates/zz9q-nonexistent-crate,true,false,false,false,false,false,false,false,false,false,false,false,false,false,false,true,false
https://excalidraw.com/zz9q,true,false,false,false,false,false,false,false,false,false,false,false,false,false,false,true,false
https://lichess.org/@/zz9qnonexistentuser,true,false,false,false,false,false,false,false,false,false,false,false,true,false,false,false,false
https://www.craigslist.org/zz9q,true,false,false,false,false,false,false,false,false,false,false,false,true,false,false,false,false
https://www.reuters.com/,true,false,false,true,false,false,false,false,false,false,false,false,false,true,false,false,false
https://www.zillow.com/,true,false,false,false,false,false,false,false,false,false,false,false,false,false,false,false,true
https://www.walmart.com/,true,false,false,false,false,false,false,false,false,false,false,false,false,false,false,false,true
https://www.etsy.com/,true,false,false,true,false,false,false,false,false,false,false,false,false,true,false,false,false
https://www.yelp.com/,true,false,false,true,false,false,false,false,false,false,false,false,false,true,false,false,false
https://www.nytimes.com/,true,false,false,true,false,false,false,false,false,false,false,false,false,true,false,false,false
https://www.wsj.com/,true,false,false,true,false,false,false,false,false,false,false,false,false,true,false,false,false
https://www.bloomberg.com/,true,false,false,true,false,false,false,false,false,false,false,false,false,true,false,false,false
https://www.indeed.com/,true,false,false,true,false,false,false,false,false,false,false,false,false,true,false,false,false
https://www.glassdoor.com/,true,false,false,true,false,false,false,false,false,false,false,false,false,true,false,false,false
https://www.g2.com/,true,false,false,true,false,false,false,false,false,false,false,false,false,true,false,false,false
https://www.crunchbase.com/,false,false,false,false,false,false,false,false,false,false,false,false,false,false,false,false,false
https://www.fiverr.com/,true,false,false,true,false,false,false,false,false,false,false,false,false,true,false,false,false
https://www.upwork.com/,false,false,false,false,false,false,false,false,false,false,false,false,false,false,false,false,false
https://www.ticketmaster.com/,true,false,false,false,false,false,false,false,false,false,false,false,false,false,false,false,true
https://www.homedepot.com/,true,false,false,true,false,false,false,false,false,false,false,false,false,true,false,false,false
https://www.lowes.com/,true,false,false,true,false,false,false,false,false,false,false,false,false,false,false,false,false
https://www.similarweb.com/,false,false,false,false,false,false,false,false,false,false,false,false,false,false,false,false,false
https://www.chegg.com/,false,false,false,false,false,false,false,false,false,false,false,false,false,false,false,false,false
https://www.quora.com/,true,false,false,true,false,false,false,false,false,false,false,false,false,true,false,false,false
https://www.stubhub.com/,true,false,false,true,false,false,false,false,false,false,false,false,false,true,false,false,false
https://www.expedia.com/,true,false,false,true,true,false,false,false,false,false,false,false,false,false,false,false,false
https://www.tripadvisor.com/,true,false,false,true,false,false,false,false,false,false,false,false,false,true,false,false,false
https://www.wayfair.com/,true,false,false,false,false,false,false,false,false,false,false,false,false,false,false,true,false
https://www.amazon.com/,true,false,false,true,false,false,false,false,false,false,false,false,false,false,false,false,false
https://www.reddit.com/,true,false,false,true,false,false,false,false,false,false,false,false,false,false,false,false,false
https://medium.com/,true,false,false,true,false,false,false,false,false,false,false,false,false,true,false,false,false
https://github.com/settings/profile,true,false,false,false,false,false,false,false,true,false,false,false,false,false,false,false,false
https://gitlab.com/dashboard/projects,true,false,false,true,false,false,false,false,true,false,false,false,false,true,false,false,false
https://www.linkedin.com/feed/,true,false,false,false,false,false,false,false,true,false,false,false,false,false,false,false,false
https://drive.google.com/drive/my-drive,true,false,false,false,false,false,false,false,true,false,false,false,false,false,false,false,false
https://bitbucket.org/dashboard/overview,true,false,false,false,false,false,false,false,true,false,false,false,false,false,false,true,false
https://news.ycombinator.com/submit,true,false,false,false,false,false,false,false,true,false,false,false,false,false,false,false,false
https://lobste.rs/settings,true,false,false,false,false,false,false,false,true,false,false,false,false,false,false,false,false
https://pypi.org/manage/projects/,true,false,false,false,false,false,false,false,true,false,false,false,false,false,false,false,false
https://www.npmjs.com/settings/profile,true,false,false,false,false,false,false,false,false,false,false,false,true,false,false,false,false
https://www.dropbox.com/home,true,false,false,false,false,false,false,false,true,false,false,false,false,false,false,true,false
https://www.paypal.com/myaccount/summary,true,false,false,true,false,false,false,false,true,false,false,false,false,true,false,false,false
https://en.wikipedia.org/wiki/Special:Preferences,true,false,false,false,false,false,false,false,true,false,false,false,false,false,false,false,false
https://dev.to/settings,true,false,false,false,false,false,false,false,true,false,false,false,false,false,false,false,false
https://www.reddit.com/settings,true,false,false,true,false,false,false,false,false,false,false,false,false,false,false,false,false
https://stackoverflow.com/users/edit/1,true,false,false,false,false,false,false,false,false,false,false,false,true,false,false,false,false
https://www.instagram.com/accounts/edit/,true,false,false,false,false,false,false,false,true,false,false,false,false,false,false,true,false
https://www.netflix.com/browse,true,false,false,false,false,false,false,false,true,false,false,false,false,false,false,false,false
https://www.patreon.com/home,true,false,false,true,false,false,false,false,true,false,false,false,false,true,false,false,false
https://www.amazon.com/gp/css/order-history,true,false,false,false,false,false,false,false,true,false,false,false,false,false,false,false,false
https://www.lemonde.fr/,false,false,false,false,false,false,false,false,false,false,false,false,false,false,false,false,false
https://www.spiegel.de/,true,false,false,false,false,false,false,false,false,false,false,false,false,false,false,false,true
https://elpais.com/,false,false,false,false,false,false,false,false,false,false,false,false,false,false,false,false,false
https://www.corriere.it/,true,false,false,false,false,false,false,false,false,false,false,false,false,false,false,false,true
https://www.aljazeera.com/,true,false,false,false,false,false,false,false,false,false,false,false,false,false,false,false,true
https://www.abc.net.au/news,false,false,false,false,false,false,false,false,false,false,false,false,false,false,false,false,false
https://www3.nhk.or.jp/news/,false,false,false,false,false,false,false,false,false,false,false,false,false,false,false,false,false
https://www.asahi.com/,false,false,false,false,false,false,false,false,false,false,false,false,false,false,false,false,false
https://yle.fi/,true,false,false,false,false,false,false,false,false,false,false,false,false,false,false,false,true
https://www.hs.fi/,true,false,false,false,false,false,false,false,false,false,false,false,false,false,false,false,true
https://www.svt.se/,false,false,false,false,false,false,false,false,false,false,false,false,false,false,false,false,false
https://www.nrk.no/,true,false,false,false,false,false,false,false,false,false,false,false,false,false,false,false,true
https://www.dr.dk/,false,false,false,false,false,false,false,false,false,false,false,false,false,false,false,false,false
https://www.lanacion.com.ar/,true,false,false,false,false,false,false,false,false,false,false,false,false,false,false,false,true
https://www1.folha.uol.com.br/,false,false,false,false,false,false,false,false,false,false,false,false,false,false,false,false,false
https://timesofindia.indiatimes.com/,false,false,false,false,false,false,false,false,false,false,false,false,false,false,false,false,false
https://www.thehindu.com/,false,false,false,false,false,false,false,false,false,false,false,false,false,false,false,false,false
https://www.scmp.com/,false,false,false,false,false,false,false,false,false,false,false,false,false,false,false,false,false
https://www.straitstimes.com/,false,false,false,false,false,false,false,false,false,false,false,false,false,false,false,false,false
https://www.dw.com/en/,false,false,false,false,false,false,false,false,false,false,false,false,false,false,false,false,false
https://www.france24.com/en/,false,false,false,false,false,false,false,false,false,false,false,false,false,false,false,false,false
https://www.independent.co.uk/,false,false,false,false,false,false,false,false,false,false,false,false,false,false,false,false,false
https://www.telegraph.co.uk/,true,false,false,true,false,false,false,false,false,true,false,false,false,false,false,false,false
https://www.economist.com/,true,false,false,true,false,false,false,false,false,false,false,false,false,true,false,false,false
https://www.ft.com/,true,false,false,true,false,false,false,false,false,false,false,false,false,true,false,false,false
https://www.politico.com/,true,false,false,true,false,false,false,false,false,false,false,false,false,true,false,false,false
https://www.axios.com/,true,false,false,false,false,false,false,false,false,false,false,false,false,false,false,false,true
https://www.vox.com/,false,false,false,false,false,false,false,false,false,false,false,false,false,false,false,false,false
https://www.theatlantic.com/,true,false,false,true,false,false,false,false,false,false,false,false,false,true,false,false,false
https://www.newyorker.com/,false,false,false,false,false,false,false,false,false,false,false,false,false,false,false,false,false
https://slate.com/,false,false,false,false,false,false,false,false,false,false,false,false,false,false,false,false,false
https://www.huffpost.com/,false,false,false,false,false,false,false,false,false,false,false,false,false,false,false,false,false
https://www.usatoday.com/,true,false,false,false,false,false,false,false,false,true,false,false,false,false,false,false,false
https://www.latimes.com/,false,false,false,false,false,false,false,false,false,false,false,false,false,false,false,false,false
https://www.nbcnews.com/,false,false,false,false,false,false,false,false,false,false,false,false,false,false,false,false,false
https://abcnews.go.com/,false,false,false,false,false,false,false,false,false,false,false,false,false,false,false,false,false
https://www.cbsnews.com/,false,false,false,false,false,false,false,false,false,false,false,false,false,false,false,false,false
https://www.foxnews.com/,false,false,false,false,false,false,false,false,false,false,false,false,false,false,false,false,false
https://www.businessinsider.com/,true,false,false,false,false,false,false,false,false,false,false,false,false,false,false,false,true
https://www.forbes.com/,true,false,false,false,false,false,false,false,false,false,false,false,false,false,false,false,true
https://fortune.com/,false,false,false,false,false,false,false,false,false,false,false,false,false,false,false,false,false
https://www.engadget.com/,false,false,false,false,false,false,false,false,false,false,false,false,false,false,false,false,false
https://www.cnet.com/,false,false,false,false,false,false,false,false,false,false,false,false,false,false,false,false,false
https://www.zdnet.com/,false,false,false,false,false,false,false,false,false,false,false,false,false,false,false,false,false
https://www.theregister.com/,false,false,false,false,false,false,false,false,false,false,false,false,false,false,false,false,false
https://www.tomshardware.com/,true,false,false,false,false,false,false,false,false,false,false,false,false,false,false,false,true
https://www.phoronix.com/,false,false,false,false,false,false,false,false,false,false,false,false,false,false,false,false,false
https://lwn.net/,false,false,false,false,false,false,false,false,false,false,false,false,false,false,false,false,false
https://www.404media.co/,false,false,false,false,false,false,false,false,false,false,false,false,false,false,false,false,false
https://www.quantamagazine.org/,false,false,false,false,false,false,false,false,false,false,false,false,false,false,false,false,false
https://www.nature.com/,false,false,false,false,false,false,false,false,false,false,false,false,false,false,false,false,false
https://www.science.org/,true,false,false,true,false,false,false,false,false,false,false,false,false,true,false,false,false
https://www.sciencedaily.com/,false,false,false,false,false,false,false,false,false,false,false,false,false,false,false,false,false
https://www.newscientist.com/,false,false,false,false,false,false,false,false,false,false,false,false,false,false,false,false,false
https://www.scientificamerican.com/,false,false,false,false,false,false,false,false,false,false,false,false,false,false,false,false,false
https://www.nationalgeographic.com/,false,false,false,false,false,false,false,false,false,false,false,false,false,false,false,false,false
https://www.usa.gov/,false,false,false,false,false,false,false,false,false,false,false,false,false,false,false,false,false
https://www.irs.gov/,false,false,false,false,false,false,false,false,false,false,false,false,false,false,false,false,false
https://www.cdc.gov/,false,false,false,false,false,false,false,false,false,false,false,false,false,false,false,false,false
https://www.nih.gov/,true,false,false,true,false,false,false,false,false,false,false,false,false,true,false,false,false
https://www.whitehouse.gov/,true,false,false,true,false,false,false,false,false,false,false,false,false,true,false,false,false
https://www.canada.ca/en.html,false,false,false,false,false,false,false,false,false,false,false,false,false,false,false,false,false
https://www.suomi.fi/,false,false,false,false,false,false,false,false,false,false,false,false,false,false,false,false,false
https://www.gov.pl/,false,false,false,false,false,false,false,false,false,false,false,false,false,false,false,false,false
https://www.service-public.fr/,false,false,false,false,false,false,false,false,false,false,false,false,false,false,false,false,false
https://www.mit.edu/,false,false,false,false,false,false,false,false,false,false,false,false,false,false,false,false,false
https://www.stanford.edu/,false,false,false,false,false,false,false,false,false,false,false,false,false,false,false,false,false
https://www.harvard.edu/,false,false,false,false,false,false,false,false,false,false,false,false,false,false,false,false,false
https://www.ox.ac.uk/,false,false,false,false,false,false,false,false,false,false,false,false,false,false,false,false,false
https://www.cam.ac.uk/,false,false,false,false,false,false,false,false,false,false,false,false,false,false,false,false,false
https://www.helsinki.fi/en,true,false,false,false,false,false,false,false,false,false,false,false,false,false,false,false,true
https://ethz.ch/en.html,true,false,false,false,false,false,false,false,false,false,false,false,false,false,false,false,true
https://www.un.org/en/,false,false,false,false,false,false,false,false,false,false,false,false,false,false,false,false,false
https://www.worldbank.org/en/home,false,false,false,false,false,false,false,false,false,false,false,false,false,false,false,false,false
https://www.imf.org/en/Home,true,false,false,true,false,false,false,false,false,false,false,false,false,true,false,false,false
https://www.europarl.europa.eu/,true,false,false,true,false,false,false,false,false,false,false,false,false,false,false,false,false
https://www.redcross.org/,true,false,false,true,false,false,false,false,false,false,false,false,false,true,false,false,false
https://www.eff.org/,false,false,false,false,false,false,false,false,false,false,false,false,false,false,false,false,false
https://www.fsf.org/,false,false,false,false,false,false,false,false,false,false,false,false,false,false,false,false,false
https://www.apache.org/,false,false,false,false,false,false,false,false,false,false,false,false,false,false,false,false,false
https://www.linuxfoundation.org/,false,false,false,false,false,false,false,false,false,false,false,false,false,false,false,false,false
https://www.gutenberg.org/,false,false,false,false,false,false,false,false,false,false,false,false,false,false,false,false,false
https://openlibrary.org/,true,false,false,false,false,false,false,false,false,false,false,false,false,false,false,false,true
https://www.khanacademy.org/,true,false,false,true,false,false,false,false,false,false,false,false,false,false,false,false,false
https://www.coursera.org/,true,false,false,false,false,false,false,false,false,false,false,false,false,false,false,false,true
https://www.edx.org/,true,false,false,false,false,false,false,false,false,false,false,false,false,false,false,false,true
https://ocw.mit.edu/,false,false,false,false,false,false,false,false,false,false,false,false,false,false,false,false,false
https://www.wolframalpha.com/,false,false,false,false,false,false,false,false,false,false,false,false,false,false,false,false,false
https://www.britannica.com/,true,false,false,true,false,false,false,false,false,false,false,false,false,true,false,false,false
https://www.merriam-webster.com/dictionary/crawler,true,false,false,false,false,false,false,false,false,false,false,false,false,false,false,false,true
https://dictionary.cambridge.org/,false,false,false,false,false,false,false,false,false,false,false,false,false,false,false,false,false
https://en.wiktionary.org/wiki/crawl,false,false,false,false,false,false,false,false,false,false,false,false,false,false,false,false,false
https://www.wikidata.org/wiki/Q42,false,false,false,false,false,false,false,false,false,false,false,false,false,false,false,false,false
https://commons.wikimedia.org/wiki/Main_Page,false,false,false,false,false,false,false,false,false,false,false,false,false,false,false,false,false
https://www.timeanddate.com/,true,false,false,true,false,false,false,false,false,false,false,false,false,true,false,false,false
https://www.weather.gov/,false,false,false,false,false,false,false,false,false,false,false,false,false,false,false,false,false
https://www.accuweather.com/,true,false,false,true,false,false,false,false,false,false,false,false,false,true,false,false,false
https://www.yr.no/en,false,false,false,false,false,false,false,false,false,false,false,false,false,false,false,false,false
https://docs.github.com/en,false,false,false,false,false,false,false,false,false,false,false,false,false,false,false,false,false
https://docs.gitlab.com/,false,false,false,false,false,false,false,false,false,false,false,false,false,false,false,false,false
https://kubernetes.io/docs/home/,false,false,false,false,false,false,false,false,false,false,false,false,false,false,false,false,false
https://docs.docker.com/,false,false,false,false,false,false,false,false,false,false,false,false,false,false,false,false,false
https://www.postgresql.org/docs/current/,false,false,false,false,false,false,false,false,false,false,false,false,false,false,false,false,false
https://dev.mysql.com/doc/,false,false,false,false,false,false,false,false,false,false,false,false,false,false,false,false,false
https://redis.io/docs/latest/,false,false,false,false,false,false,false,false,false,false,false,false,false,false,false,false,false
https://www.sqlite.org/docs.html,false,false,false,false,false,false,false,false,false,false,false,false,false,false,false,false,false
https://docs.djangoproject.com/en/stable/,false,false,false,false,false,false,false,false,false,false,false,false,false,false,false,false,false
https://flask.palletsprojects.com/,false,false,false,false,false,false,false,false,false,false,false,false,false,false,false,false,false
https://fastapi.tiangolo.com/,false,false,false,false,false,false,false,false,false,false,false,false,false,false,false,false,false
https://numpy.org/doc/stable/,false,false,false,false,false,false,false,false,false,false,false,false,false,false,false,false,false
https://pandas.pydata.org/docs/,false,false,false,false,false,false,false,false,false,false,false,false,false,false,false,false,false
https://pytorch.org/,false,false,false,false,false,false,false,false,false,false,false,false,false,false,false,false,false
https://www.tensorflow.org/,true,false,false,false,false,false,false,false,false,false,false,false,false,false,false,false,true
https://huggingface.co/,false,false,false,false,false,false,false,false,false,false,false,false,false,false,false,false,false
https://huggingface.co/models,false,false,false,false,false,false,false,false,false,false,false,false,false,false,false,false,false
https://docs.aws.amazon.com/,false,false,false,false,false,false,false,false,false,false,false,false,false,false,false,false,false
https://learn.microsoft.com/en-us/,false,false,false,false,false,false,false,false,false,false,false,false,false,false,false,false,false
https://cloud.google.com/docs,false,false,false,false,false,false,false,false,false,false,false,false,false,false,false,false,false
https://developer.apple.com/documentation/,true,false,false,false,false,false,false,false,false,false,false,false,false,false,false,true,false
https://developer.android.com/,false,false,false,false,false,false,false,false,false,false,false,false,false,false,false,false,false
https://angular.dev/,false,false,false,false,false,false,false,false,false,false,false,false,false,false,false,false,false
https://www.typescriptlang.org/,false,false,false,false,false,false,false,false,false,false,false,false,false,false,false,false,false
https://deno.com/,false,false,false,false,false,false,false,false,false,false,false,false,false,false,false,false,false
https://bun.sh/,false,false,false,false,false,false,false,false,false,false,false,false,false,false,false,false,false
https://vite.dev/,false,false,false,false,false,false,false,false,false,false,false,false,false,false,false,false,false
https://webpack.js.org/,true,false,false,false,false,false,false,false,false,false,false,false,false,false,false,false,true
https://eslint.org/,false,false,false,false,false,false,false,false,false,false,false,false,false,false,false,false,false
https://prettier.io/,false,false,false,false,false,false,false,false,false,false,false,false,false,false,false,false,false
https://jestjs.io/,false,false,false,false,false,false,false,false,false,false,false,false,false,false,false,false,false
https://playwright.dev/,false,false,false,false,false,false,false,false,false,false,false,false,false,false,false,false,false
https://www.cypress.io/,false,false,false,false,false,false,false,false,false,false,false,false,false,false,false,false,false
https://storybook.js.org/,false,false,false,false,false,false,false,false,false,false,false,false,false,false,false,false,false
https://astro.build/,false,false,false,false,false,false,false,false,false,false,false,false,false,false,false,false,false
https://remix.run/,false,false,false,false,false,false,false,false,false,false,false,false,false,false,false,false,false
https://nuxt.com/,false,false,false,false,false,false,false,false,false,false,false,false,false,false,false,false,false
https://www.gatsbyjs.com/,false,false,false,false,false,false,false,false,false,false,false,false,false,false,false,false,false
https://www.solidjs.com/,true,false,false,false,false,false,false,false,false,false,false,false,false,false,false,true,false
https://qwik.dev/,false,false,false,false,false,false,false,false,false,false,false,false,false,false,false,false,false
https://htmx.org/,false,false,false,false,false,false,false,false,false,false,false,false,false,false,false,false,false
https://alpinejs.dev/,false,false,false,false,false,false,false,false,false,false,false,false,false,false,false,false,false
https://jquery.com/,false,false,false,false,false,false,false,false,false,false,false,false,false,false,false,false,false
https://getbootstrap.com/,false,false,false,false,false,false,false,false,false,false,false,false,false,false,false,false,false
https://ui.shadcn.com/,false,false,false,false,false,false,false,false,false,false,false,false,false,false,false,false,false
https://mui.com/,false,false,false,false,false,false,false,false,false,false,false,false,false,false,false,false,false
https://www.djangoproject.com/,false,false,false,false,false,false,false,false,false,false,false,false,false,false,false,false,false
https://rubyonrails.org/,false,false,false,false,false,false,false,false,false,false,false,false,false,false,false,false,false
https://laravel.com/,false,false,false,false,false,false,false,false,false,false,false,false,false,false,false,false,false
https://spring.io/,false,false,false,false,false,false,false,false,false,false,false,false,false,false,false,false,false
https://www.php.net/,false,false,false,false,false,false,false,false,false,false,false,false,false,false,false,false,false
https://www.ruby-lang.org/en/,false,false,false,false,false,false,false,false,false,false,false,false,false,false,false,false,false
https://kotlinlang.org/,false,false,false,false,false,false,false,false,false,false,false,false,false,false,false,false,false
https://www.swift.org/,false,false,false,false,false,false,false,false,false,false,false,false,false,false,false,false,false
https://ziglang.org/,false,false,false,false,false,false,false,false,false,false,false,false,false,false,false,false,false
https://elixir-lang.org/,false,false,false,false,false,false,false,false,false,false,false,false,false,false,false,false,false
https://www.haskell.org/,false,false,false,false,false,false,false,false,false,false,false,false,false,false,false,false,false
https://julialang.org/,false,false,false,false,false,false,false,false,false,false,false,false,false,false,false,false,false
https://www.r-project.org/,true,false,false,false,false,false,false,false,false,false,false,false,false,false,false,false,true
https://rubygems.org/,false,false,false,false,false,false,false,false,false,false,false,false,false,false,false,false,false
https://packagist.org/,false,false,false,false,false,false,false,false,false,false,false,false,false,false,false,false,false
https://pkg.go.dev/,false,false,false,false,false,false,false,false,false,false,false,false,false,false,false,false,false
https://hub.docker.com/,false,false,false,false,false,false,false,false,false,false,false,false,false,false,false,false,false
https://central.sonatype.com/,false,false,false,false,false,false,false,false,false,false,false,false,false,false,false,false,false
https://www.nuget.org/,true,false,false,false,false,false,false,false,false,false,false,false,false,false,false,false,true
https://sourceforge.net/,false,false,false,false,false,false,false,false,false,false,false,false,false,false,false,false,false
https://codeberg.org/,false,false,false,false,false,false,false,false,false,false,false,false,false,false,false,false,false
https://sr.ht/,false,false,false,false,false,false,false,false,false,false,false,false,false,false,false,false,false
https://gitea.com/,false,false,false,false,false,false,false,false,false,false,false,false,false,false,false,false,false
https://caniuse.com/,false,false,false,false,false,false,false,false,false,false,false,false,false,false,false,false,false
https://bundlephobia.com/,false,false,false,false,false,false,false,false,false,false,false,false,false,false,false,false,false
https://astexplorer.net/,true,false,false,false,false,false,false,false,false,false,false,false,false,false,false,true,false
https://transform.tools/,false,false,false,false,false,false,false,false,false,false,false,false,false,false,false,false,false
https://www.json.org/json-en.html,false,false,false,false,false,false,false,false,false,false,false,false,false,false,false,false,false
https://semver.org/,false,false,false,false,false,false,false,false,false,false,false,false,false,false,false,false,false
https://12factor.net/,false,false,false,false,false,false,false,false,false,false,false,false,false,false,false,false,false
https://roadmap.sh/,false,false,false,false,false,false,false,false,false,false,false,false,false,false,false,false,false
https://leetcode.com/,true,false,false,true,false,false,false,false,false,false,false,false,false,true,false,false,false
https://www.hackerrank.com/,false,false,false,false,false,false,false,false,false,false,false,false,false,false,false,false,false
https://www.codewars.com/,false,false,false,false,false,false,false,false,false,false,false,false,false,false,false,false,false
https://exercism.org/,false,false,false,false,false,false,false,false,false,false,false,false,false,false,false,false,false
https://adventofcode.com/,false,false,false,false,false,false,false,false,false,false,false,false,false,false,false,false,false
https://projecteuler.net/,false,false,false,false,false,false,false,false,false,false,false,false,false,false,false,false,false
https://www.kaggle.com/,true,false,false,false,false,false,false,false,false,false,false,false,false,false,false,true,false
https://observablehq.com/,true,false,false,true,true,false,false,false,false,false,false,false,false,false,false,false,false
https://replit.com/,false,false,false,false,false,false,false,false,false,false,false,false,false,false,false,false,false
https://www.githubstatus.com/,false,false,false,false,false,false,false,false,false,false,false,false,false,false,false,false,false
https://downdetector.com/,true,false,false,true,false,false,false,false,false,false,false,false,false,true,false,false,false
https://www.speedtest.net/,false,false,false,false,false,false,false,false,false,false,false,false,false,false,false,false,false
https://whatismyipaddress.com/,false,false,false,false,false,false,false,false,false,false,false,false,false,false,false,false,false
https://www.ssllabs.com/ssltest/,false,false,false,false,false,false,false,false,false,false,false,false,false,false,false,false,false
https://dnschecker.org/,false,false,false,false,false,false,false,false,false,false,false,false,false,false,false,false,false
https://crt.sh/,false,false,false,false,false,false,false,false,false,false,false,false,false,false,false,false,false
https://www.shodan.io/,false,false,false,false,false,false,false,false,false,false,false,false,false,false,false,false,false
https://haveibeenpwned.com/,false,false,false,false,false,false,false,false,false,false,false,false,false,false,false,false,false
https://letsencrypt.org/,false,false,false,false,false,false,false,false,false,false,false,false,false,false,false,false,false
https://www.cloudflare.com/,false,false,false,false,false,false,false,false,false,false,false,false,false,false,false,false,false
https://www.fastly.com/,false,false,false,false,false,false,false,false,false,false,false,false,false,false,false,false,false
https://www.akamai.com/,true,false,false,true,false,false,false,false,false,false,false,false,false,true,false,false,false
https://www.digitalocean.com/,false,false,false,false,false,false,false,false,false,false,false,false,false,false,false,false,false
https://www.hetzner.com/,true,false,false,false,false,false,false,false,false,false,false,false,false,false,false,false,true
https://www.ovhcloud.com/en/,false,false,false,false,false,false,false,false,false,false,false,false,false,false,false,false,false
https://fly.io/,false,false,false,false,false,false,false,false,false,false,false,false,false,false,false,false,false
https://render.com/,false,false,false,false,false,false,false,false,false,false,false,false,false,false,false,false,false
https://railway.com/,false,false,false,false,false,false,false,false,false,false,false,false,false,false,false,false,false
https://www.heroku.com/,false,false,false,false,false,false,false,false,false,false,false,false,false,false,false,false,false
https://www.netlify.com/,false,false,false,false,false,false,false,false,false,false,false,false,false,false,false,false,false
https://vercel.com/,false,false,false,false,false,false,false,false,false,false,false,false,false,false,false,false,false
https://supabase.com/,false,false,false,false,false,false,false,false,false,false,false,false,false,false,false,false,false
https://firebase.google.com/,true,false,false,false,false,false,false,false,false,false,false,false,false,false,false,false,true
https://www.mongodb.com/,false,false,false,false,false,false,false,false,false,false,false,false,false,false,false,false,false
https://planetscale.com/,false,false,false,false,false,false,false,false,false,false,false,false,false,false,false,false,false
https://neon.com/,true,false,false,false,false,false,false,false,false,false,false,false,false,false,false,false,true
https://sentry.io/,false,false,false,false,false,false,false,false,false,false,false,false,false,false,false,false,false
https://www.datadoghq.com/,false,false,false,false,false,false,false,false,false,false,false,false,false,false,false,false,false
https://newrelic.com/,false,false,false,false,false,false,false,false,false,false,false,false,false,false,false,false,false
https://www.pagerduty.com/,false,false,false,false,false,false,false,false,false,false,false,false,false,false,false,false,false
https://www.atlassian.com/software/jira,true,false,false,false,false,false,false,false,false,false,false,false,false,false,false,true,false
https://trello.com/,false,false,false,false,false,false,false,false,false,false,false,false,false,false,false,false,false
https://asana.com/,false,false,false,false,false,false,false,false,false,false,false,false,false,false,false,false,false
https://monday.com/,false,false,false,false,false,false,false,false,false,false,false,false,false,false,false,false,false
https://clickup.com/,false,false,false,false,false,false,false,false,false,false,false,false,false,false,false,false,false
https://obsidian.md/,false,false,false,false,false,false,false,false,false,false,false,false,false,false,false,false,false
https://www.dropbox.com/,true,false,false,false,false,false,false,false,false,false,false,false,false,false,false,false,true
https://www.box.com/,false,false,false,false,false,false,false,false,false,false,false,false,false,false,false,false,false
https://zoom.us/,false,false,false,false,false,false,false,false,false,false,false,false,false,false,false,false,false
https://discord.com/,false,false,false,false,false,false,false,false,false,false,false,false,false,false,false,false,false
https://telegram.org/,false,false,false,false,false,false,false,false,false,false,false,false,false,false,false,false,false
https://signal.org/,false,false,false,false,false,false,false,false,false,false,false,false,false,false,false,false,false
https://www.messenger.com/,true,false,false,false,false,false,false,false,false,false,false,false,false,false,true,false,false
https://mastodon.social/explore,true,false,false,false,false,false,false,false,false,false,false,false,false,false,false,true,false
https://bsky.app/,true,false,false,false,false,false,false,false,false,false,false,false,false,false,false,true,false
https://www.tumblr.com/,true,false,false,false,false,false,false,false,false,false,false,false,false,false,false,true,false
https://www.flickr.com/,false,false,false,false,false,false,false,false,false,false,false,false,false,false,false,false,false
https://unsplash.com/,true,false,false,true,false,false,false,false,false,false,false,false,false,true,false,false,false
https://www.pexels.com/,false,false,false,false,false,false,false,false,false,false,false,false,false,false,false,false,false
https://dribbble.com/,true,false,false,true,false,false,false,false,false,false,false,false,false,false,false,false,false
https://www.deviantart.com/,false,false,false,false,false,false,false,false,false,false,false,false,false,false,false,false,false
https://www.last.fm/,false,false,false,false,false,false,false,false,false,false,false,false,false,false,false,false,false
https://www.discogs.com/,false,false,false,false,false,false,false,false,false,false,false,false,false,false,false,false,false
https://genius.com/,false,false,false,false,false,false,false,false,false,false,false,false,false,false,false,false,false
https://vimeo.com/,false,false,false,false,false,false,false,false,false,false,false,false,false,false,false,false,false
https://www.dailymotion.com/,true,false,false,false,false,false,false,false,false,false,false,false,false,false,false,true,false
https://www.twitch.tv/directory,true,false,false,false,false,false,false,false,false,false,false,false,false,false,false,true,false
https://www.netflix.com/,false,false,false,false,false,false,false,false,false,false,false,false,false,false,false,false,false
https://www.disneyplus.com/,false,false,false,false,false,false,false,false,false,false,false,false,false,false,false,false,false
https://letterboxd.com/,true,false,false,true,false,false,false,false,false,false,false,false,false,true,false,false,false
https://www.rottentomatoes.com/,false,false,false,false,false,false,false,false,false,false,false,false,false,false,false,false,false
https://www.metacritic.com/,false,false,false,false,false,false,false,false,false,false,false,false,false,false,false,false,false
https://www.goodreads.com/,false,false,false,false,false,false,false,false,false,false,false,false,false,false,false,false,false
https://store.steampowered.com/,true,false,false,false,false,false,false,false,false,false,false,false,false,false,false,false,true
https://store.epicgames.com/,true,false,false,true,false,false,false,false,false,false,false,false,false,true,false,false,false
https://www.gog.com/,true,false,false,false,false,false,false,false,false,false,false,false,false,false,false,true,false
https://itch.io/,true,false,false,false,false,false,false,false,false,false,false,false,false,false,false,false,true
https://www.playstation.com/,false,false,false,false,false,false,false,false,false,false,false,false,false,false,false,false,false
https://www.xbox.com/,true,false,false,false,false,false,false,false,false,false,false,false,false,false,false,true,false
https://www.ign.com/,false,false,false,false,false,false,false,false,false,false,false,false,false,false,false,false,false
https://www.polygon.com/,true,false,false,false,false,false,false,false,false,false,false,false,false,false,false,false,true
https://www.pcgamer.com/,false,false,false,false,false,false,false,false,false,false,false,false,false,false,false,false,false
https://www.gamespot.com/,true,false,false,true,false,false,false,false,false,false,false,false,false,true,false,false,false
https://boardgamegeek.com/,true,false,false,true,false,false,false,false,false,false,false,false,false,true,false,false,false
https://www.speedrun.com/,true,false,false,true,false,false,false,false,false,false,false,false,false,true,false,false,false
https://www.target.com/,true,false,false,false,false,false,false,false,false,false,false,false,false,false,false,false,true
https://www.bestbuy.com/,true,false,false,false,false,false,false,true,false,false,false,false,false,false,false,false,false
https://www.newegg.com/,true,false,false,false,false,false,false,false,false,false,false,false,false,false,false,false,true
https://www.alibaba.com/,true,false,false,false,false,false,false,false,false,false,false,false,false,false,false,false,true
https://www.temu.com/,false,false,false,false,false,false,false,false,false,false,false,false,false,false,false,false,false
https://www.zalando.de/,false,false,false,false,false,false,false,false,false,false,false,false,false,false,false,false,false
https://www.zara.com/,true,false,false,true,false,false,false,false,false,false,false,false,false,true,false,false,false
https://www.adidas.com/,true,false,false,true,false,false,false,false,false,false,false,false,false,true,false,false,false
https://www.rei.com/,true,false,false,true,false,false,false,false,false,false,false,false,false,true,false,false,false
https://www.lego.com/,true,false,false,true,false,false,false,false,false,false,false,false,false,true,false,false,false
https://www.sephora.com/,true,false,false,true,false,false,false,false,false,false,false,false,false,true,false,false,false
https://www.bol.com/,true,false,false,true,false,false,false,false,false,false,false,false,false,true,false,false,false
https://www.otto.de/,false,false,false,false,false,false,false,false,false,false,false,false,false,false,false,false,false
https://www.rakuten.co.jp/,true,false,false,false,false,false,false,false,false,false,false,false,false,false,false,false,true
https://www.flipkart.com/,false,false,false,false,false,false,false,false,false,false,false,false,false,false,false,false,false
https://www.verkkokauppa.com/,true,false,false,false,false,false,false,false,false,false,false,false,false,false,false,false,true
https://www.gigantti.fi/,true,false,false,true,true,false,false,false,false,false,false,false,false,false,false,false,false
https://www.tori.fi/,false,false,false,false,false,false,false,false,false,false,false,false,false,false,false,false,false
https://www.ikea.com/fi/fi/,true,false,false,false,false,false,false,false,false,false,false,false,false,false,false,false,true
https://www.apple.com/shop/buy-iphone,true,false,false,false,false,false,false,false,false,false,false,false,true,true,false,false,false
https://www.samsung.com/,true,false,false,false,false,false,false,false,false,false,false,false,false,false,false,false,true
https://www.dell.com/,false,false,false,false,false,false,false,false,false,false,false,false,false,false,false,false,false
https://www.lenovo.com/,true,false,false,true,false,false,false,false,false,false,false,false,false,true,false,false,false
https://www.raspberrypi.com/,false,false,false,false,false,false,false,false,false,false,false,false,false,false,false,false,false
https://www.adafruit.com/,false,false,false,false,false,false,false,false,false,false,false,false,false,false,false,false,false
https://www.sparkfun.com/,true,false,false,false,false,false,false,false,false,false,false,false,false,false,false,false,true
https://www.digikey.com/,true,false,false,true,false,false,false,false,false,false,false,false,false,true,false,false,false
https://gumroad.com/,false,false,false,false,false,false,false,false,false,false,false,false,false,false,false,false,false
https://www.producthunt.com/,false,false,false,false,false,false,false,false,false,false,false,false,false,false,false,false,false
https://www.kickstarter.com/,true,false,false,true,false,false,false,false,false,false,false,false,false,true,false,false,false
https://www.gofundme.com/,true,false,false,false,false,false,false,false,false,false,false,false,false,false,false,false,true
https://www.booking.com/,true,false,false,true,false,false,false,false,false,false,false,false,false,false,false,false,false
https://www.kayak.com/,true,false,false,false,false,false,false,false,false,false,false,false,false,false,false,false,true
https://www.skyscanner.net/,true,false,false,false,false,false,false,false,false,false,false,false,false,false,false,true,false
https://www.lufthansa.com/,true,false,false,true,false,false,false,false,false,false,false,false,false,true,false,false,false
https://www.finnair.com/,true,false,false,false,false,false,false,true,false,false,false,false,false,false,false,false,false
https://www.ryanair.com/,true,false,false,false,false,false,false,false,false,false,false,false,false,false,false,true,false
https://www.delta.com/,true,false,false,false,false,false,false,false,false,false,false,false,false,false,false,true,false
https://www.uber.com/,false,false,false,false,false,false,false,false,false,false,false,false,false,false,false,false,false
https://www.lyft.com/,false,false,false,false,false,false,false,false,false,false,false,false,false,false,false,false,false
https://www.doordash.com/,true,false,false,true,false,false,false,false,false,false,false,false,false,true,false,false,false
https://www.trivago.com/,true,false,false,true,false,false,false,false,false,false,false,false,false,true,false,false,false
https://www.vrbo.com/,true,false,false,false,true,false,false,false,false,false,false,false,false,false,false,false,false
https://www.marriott.com/,true,false,false,true,false,false,false,false,false,false,false,false,false,true,false,false,false
https://www.bbcgoodfood.com/,true,false,false,false,false,false,false,false,false,false,false,false,false,false,false,false,true
https://www.seriouseats.com/,false,false,false,false,false,false,false,false,false,false,false,false,false,false,false,false,false
https://www.epicurious.com/,false,false,false,false,false,false,false,false,false,false,false,false,false,false,false,false,false
https://www.foodnetwork.com/,false,false,false,false,false,false,false,false,false,false,false,false,false,false,false,false,false
https://www.mayoclinic.org/,true,false,false,true,false,false,false,false,false,false,false,false,false,true,false,false,false
https://www.webmd.com/,false,false,false,false,false,false,false,false,false,false,false,false,false,false,false,false,false
https://www.healthline.com/,false,false,false,false,false,false,false,false,false,false,false,false,false,false,false,false,false
https://www.nhs.uk/,false,false,false,false,false,false,false,false,false,false,false,false,false,false,false,false,false
https://medlineplus.gov/,false,false,false,false,false,false,false,false,false,false,false,false,false,false,false,false,false
https://www.chase.com/,true,false,false,false,false,false,false,false,false,false,false,false,false,false,false,false,true
https://www.bankofamerica.com/,true,false,false,false,false,false,false,false,false,false,false,false,false,false,false,false,true
https://www.wellsfargo.com/,false,false,false,false,false,false,false,false,false,false,false,false,false,false,false,false,false
https://www.revolut.com/,true,false,false,true,false,false,false,false,false,false,false,false,false,true,false,false,false
https://wise.com/,false,false,false,false,false,false,false,false,false,false,false,false,false,false,false,false,false
https://www.nordea.fi/,false,false,false,false,false,false,false,false,false,false,false,false,false,false,false,false,false
https://www.mastercard.com/,true,false,false,true,false,false,false,false,false,false,false,false,false,true,false,false,false
https://stripe.com/,false,false,false,false,false,false,false,false,false,false,false,false,false,false,false,false,false
https://www.coinbase.com/,true,false,false,true,true,false,false,false,false,false,false,false,false,false,false,false,false
https://www.binance.com/,true,false,false,true,false,false,false,false,false,false,false,false,false,false,false,false,false
https://finance.yahoo.com/,true,false,false,false,false,false,false,false,false,false,false,false,false,false,false,false,true
https://www.marketwatch.com/,true,false,false,false,false,false,false,false,false,false,false,false,false,false,false,false,true
https://www.morningstar.com/,true,false,false,true,false,false,false,false,false,false,false,false,false,false,false,false,false
https://www.sec.gov/,false,false,false,false,false,false,false,false,false,false,false,false,false,false,false,false,false
https://www.federalreserve.gov/,false,false,false,false,false,false,false,false,false,false,false,false,false,false,false,false,false
https://www.ecb.europa.eu/,false,false,false,false,false,false,false,false,false,false,false,false,false,false,false,false,false
https://www.tradingview.com/,true,false,false,false,false,false,false,false,false,false,false,false,false,false,false,false,true
https://www.google.com/,false,false,false,false,false,false,false,false,false,false,false,false,false,false,false,false,false
https://www.ecosia.org/,false,false,false,false,false,false,false,false,false,false,false,false,false,false,false,false,false
https://www.yahoo.com/,false,false,false,false,false,false,false,false,false,false,false,false,false,false,false,false,false
https://yandex.com/,false,false,false,false,false,false,false,false,false,false,false,false,false,false,false,false,false
https://www.naver.com/,true,false,false,false,false,false,false,false,false,false,false,false,false,false,false,true,false
https://kagi.com/,false,false,false,false,false,false,false,false,false,false,false,false,false,false,false,false,false
https://www.perplexity.ai/,true,false,false,false,false,false,false,false,false,false,false,false,false,false,false,true,false
https://claude.ai/,true,false,false,true,false,false,false,false,false,false,false,false,false,true,false,false,false
https://gemini.google.com/,true,false,false,false,false,false,false,false,false,false,false,false,false,false,false,true,false
https://www.bing.com/search?q=web+crawler,false,false,false,false,false,false,false,false,false,false,false,false,false,false,false,false,false
https://html.duckduckgo.com/html/?q=web+crawler,true,false,false,true,false,false,false,false,false,false,false,false,false,false,false,false,false
https://danluu.com/,false,false,false,false,false,false,false,false,false,false,false,false,false,false,false,false,false
https://jvns.ca/,false,false,false,false,false,false,false,false,false,false,false,false,false,false,false,false,false
https://simonwillison.net/,false,false,false,false,false,false,false,false,false,false,false,false,false,false,false,false,false
https://www.joelonsoftware.com/,false,false,false,false,false,false,false,false,false,false,false,false,false,false,false,false,false
https://blog.codinghorror.com/,false,false,false,false,false,false,false,false,false,false,false,false,false,false,false,false,false
https://www.kalzumeus.com/,false,false,false,false,false,false,false,false,false,false,false,false,false,false,false,false,false
https://waitbutwhy.com/,false,false,false,false,false,false,false,false,false,false,false,false,false,false,false,false,false
https://xkcd.com/927/,false,false,false,false,false,false,false,false,false,false,false,false,false,false,false,false,false
https://www.smbc-comics.com/,true,false,false,false,false,false,false,false,false,false,false,false,false,false,false,false,true
https://www.themarginalian.org/,false,false,false,false,false,false,false,false,false,false,false,false,false,false,false,false,false
https://kottke.org/,false,false,false,false,false,false,false,false,false,false,false,false,false,false,false,false,false
https://daringfireball.net/,false,false,false,false,false,false,false,false,false,false,false,false,false,false,false,false,false
https://stratechery.com/,false,false,false,false,false,false,false,false,false,false,false,false,false,false,false,false,false
https://www.lesswrong.com/,false,false,false,false,false,false,false,false,false,false,false,false,false,false,false,false,false
https://www.astralcodexten.com/,false,false,false,false,false,false,false,false,false,false,false,false,false,false,false,false,false
https://substack.com/,false,false,false,false,false,false,false,false,false,false,false,false,false,false,false,false,false
https://blog.pragmaticengineer.com/,false,false,false,false,false,false,false,false,false,false,false,false,false,false,false,false,false
https://overreacted.io/,false,false,false,false,false,false,false,false,false,false,false,false,false,false,false,false,false
https://www.joshwcomeau.com/,false,false,false,false,false,false,false,false,false,false,false,false,false,false,false,false,false
https://kentcdodds.com/,false,false,false,false,false,false,false,false,false,false,false,false,false,false,false,false,false
https://jakearchibald.com/,false,false,false,false,false,false,false,false,false,false,false,false,false,false,false,false,false
https://drewdevault.com/,false,false,false,false,false,false,false,false,false,false,false,false,false,false,false,false,false
https://brandur.org/,false,false,false,false,false,false,false,false,false,false,false,false,false,false,false,false,false
https://fasterthanli.me/,false,false,false,false,false,false,false,false,false,false,false,false,false,false,false,false,false
https://matklad.github.io/,false,false,false,false,false,false,false,false,false,false,false,false,false,false,false,false,false
https://eli.thegreenplace.net/,false,false,false,false,false,false,false,false,false,false,false,false,false,false,false,false,false
https://norvig.com/,false,false,false,false,false,false,false,false,false,false,false,false,false,false,false,false,false
https://gwern.net/,false,false,false,false,false,false,false,false,false,false,false,false,false,false,false,false,false
https://ciechanow.ski/,false,false,false,false,false,false,false,false,false,false,false,false,false,false,false,false,false
https://sive.rs/,false,false,false,false,false,false,false,false,false,false,false,false,false,false,false,false,false
https://seths.blog/,false,false,false,false,false,false,false,false,false,false,false,false,false,false,false,false,false
https://paulgraham.com/greatwork.html,false,false,false,false,false,false,false,false,false,false,false,false,false,false,false,false,false
https://superuser.com/,false,false,false,false,false,false,false,false,false,false,false,false,false,false,false,false,false
https://serverfault.com/,false,false,false,false,false,false,false,false,false,false,false,false,false,false,false,false,false
https://askubuntu.com/,false,false,false,false,false,false,false,false,false,false,false,false,false,false,false,false,false
https://math.stackexchange.com/,false,false,false,false,false,false,false,false,false,false,false,false,false,false,false,false,false
https://meta.discourse.org/,false,false,false,false,false,false,false,false,false,false,false,false,false,false,false,false,false
https://forum.freecodecamp.org/,false,false,false,false,false,false,false,false,false,false,false,false,false,false,false,false,false
https://community.home-assistant.io/,false,false,false,false,false,false,false,false,false,false,false,false,false,false,false,false,false
https://discuss.python.org/,false,false,false,false,false,false,false,false,false,false,false,false,false,false,false,false,false
https://users.rust-lang.org/,false,false,false,false,false,false,false,false,false,false,false,false,false,false,false,false,false
https://forums.macrumors.com/,false,false,false,false,false,false,false,false,false,false,false,false,false,false,false,false,false
https://slashdot.org/,false,false,false,false,false,false,false,false,false,false,false,false,false,false,false,false,false
https://tildes.net/,false,false,false,false,false,false,false,false,false,false,false,false,false,false,false,false,false
https://news.ycombinator.com/newest,false,false,false,false,false,false,false,false,false,false,false,false,false,false,false,false,false
https://www.metafilter.com/,false,false,false,false,false,false,false,false,false,false,false,false,false,false,false,false,false
https://www.fark.com/,false,false,false,false,false,false,false,false,false,false,false,false,false,false,false,false,false
https://www.redfin.com/,true,false,false,true,false,false,false,false,false,false,false,false,false,true,false,false,false
https://www.rightmove.co.uk/,false,false,false,false,false,false,false,false,false,false,false,false,false,false,false,false,false
https://www.monster.com/,true,false,false,true,false,false,false,false,false,false,false,false,false,true,false,false,false
https://www.ziprecruiter.com/,false,false,false,false,false,false,false,false,false,false,false,false,false,false,false,false,false
https://weworkremotely.com/,false,false,false,false,false,false,false,false,false,false,false,false,false,false,false,false,false
https://remoteok.com/,true,false,false,false,false,false,false,false,false,false,false,false,false,false,false,false,true
https://www.workable.com/,false,false,false,false,false,false,false,false,false,false,false,false,false,false,false,false,false
https://www.windy.com/,true,false,false,false,false,false,false,false,false,false,false,false,false,false,false,true,false
https://translate.google.com/,false,false,false,false,false,false,false,false,false,false,false,false,false,false,false,false,false
https://www.deepl.com/translator,false,false,false,false,false,false,false,false,false,false,false,false,false,false,false,false,false
https://www.grammarly.com/,false,false,false,false,false,false,false,false,false,false,false,false,false,false,false,false,false
https://www.overleaf.com/,false,false,false,false,false,false,false,false,false,false,false,false,false,false,false,false,false
https://hackmd.io/,false,false,false,false,false,false,false,false,false,false,false,false,false,false,false,false,false
https://pastebin.com/,false,false,false,false,false,false,false,false,false,false,false,false,false,false,false,false,false
https://gist.github.com/,false,false,false,false,false,false,false,false,false,false,false,false,false,false,false,false,false
https://coolors.co/,false,false,false,false,false,false,false,false,false,false,false,false,false,false,false,false,false
https://fonts.google.com/,true,false,false,false,false,false,false,false,false,false,false,false,false,false,false,true,false
https://fontawesome.com/,true,false,false,false,false,false,false,false,false,false,false,false,false,false,false,true,false
https://lucide.dev/,false,false,false,false,false,false,false,false,false,false,false,false,false,false,false,false,false
https://heroicons.com/,false,false,false,false,false,false,false,false,false,false,false,false,false,false,false,false,false
https://www.svgrepo.com/,true,false,false,true,true,false,false,false,false,false,false,false,false,false,false,false,false
https://www.remove.bg/,true,false,false,false,false,false,false,false,false,false,false,false,false,false,false,false,true
https://www.photoroom.com/,false,false,false,false,false,false,false,false,false,false,false,false,false,false,false,false,false
https://www.lemonde.fr/zz9q-nope,true,false,false,true,false,false,false,false,false,false,false,false,false,false,false,false,false
https://www.spiegel.de/zz9q-nope,true,false,false,false,false,false,false,false,false,false,false,false,true,false,false,false,false
https://www.nature.com/articles/zz9q-nope,true,false,false,false,false,false,false,false,false,false,false,false,true,false,false,false,false
https://kubernetes.io/zz9q,true,false,false,false,false,false,false,false,false,false,false,false,true,false,false,false,false
https://docs.docker.com/zz9q,true,false,false,false,false,false,false,false,false,false,false,false,true,false,false,false,false
https://huggingface.co/zz9q-nonexistent-user-x/model,true,false,false,false,false,false,false,false,false,false,false,false,true,true,false,false,false
https://pkg.go.dev/zz9q.example/nonexistent,true,false,false,false,false,false,false,false,false,false,false,false,true,false,false,false,false
https://rubygems.org/gems/zz9q-nonexistent,true,false,false,false,false,false,false,false,false,false,false,false,true,false,false,false,false
https://www.gutenberg.org/ebooks/99999999,true,false,false,false,false,false,false,false,false,false,false,false,true,false,false,false,false
https://openlibrary.org/works/OL999999999W,true,false,false,false,false,false,false,false,false,false,false,false,true,false,false,false,false
https://xkcd.com/99999/,true,false,false,false,false,false,false,false,false,false,false,false,true,false,false,false,false
https://mastodon.social/@zz9qnonexistent,true,false,false,false,false,false,false,false,false,false,false,false,true,false,false,false,false
https://bsky.app/profile/zz9q-nonexistent.bsky.social,true,false,false,false,false,false,false,false,false,false,false,false,false,false,false,true,false
https://astro.build/zz9q,true,false,false,false,false,false,false,false,false,false,false,false,true,false,false,false,false
https://htmx.org/zz9q,true,false,false,false,false,false,false,false,false,false,false,false,true,false,false,false,false
https://getbootstrap.com/zz9q,true,false,false,false,false,false,false,false,false,false,false,false,true,false,false,false,false
https://www.typescriptlang.org/zz9q,true,false,false,false,false,false,false,false,false,false,false,false,true,false,false,false,false
https://www.mit.edu/zz9q,true,false,false,false,false,false,false,false,false,false,false,false,true,false,false,false,false
https://www.usa.gov/zz9q,true,false,false,false,false,false,false,false,false,false,false,false,true,false,false,false,false
https://archive.org/details/zz9q-nonexistent-item-x,true,false,false,false,false,false,false,false,false,false,false,false,true,false,false,false,false
https://codeberg.org/zz9q-nonexistent,true,false,false,false,false,false,false,false,false,false,false,false,true,false,false,false,false
https://itch.io/zz9q-nonexistent,true,false,false,false,false,false,false,false,false,false,false,false,true,false,false,false,false
https://www.youtube.com/@zz9qnonexistentchannel,true,false,false,false,false,false,false,false,false,false,false,false,true,false,false,false,false
https://simonwillison.net/zz9q,true,false,false,false,false,false,false,false,false,false,false,false,true,false,false,false,false
https://jvns.ca/zz9q,true,false,false,false,false,false,false,false,false,false,false,false,true,false,false,false,false
https://danluu.com/zz9q,true,false,false,false,false,false,false,false,false,false,false,false,true,false,false,false,false
https://www.nhs.uk/zz9q,true,false,false,false,false,false,false,false,false,false,false,false,true,false,false,false,false
https://www.canada.ca/zz9q.html,true,false,false,false,false,false,false,false,false,false,false,false,true,false,false,false,false
https://www.helsinki.fi/zz9q,true,false,false,false,false,false,false,false,false,false,false,false,true,false,false,false,false
https://github.com/notifications,true,false,false,false,false,false,false,false,true,false,false,false,false,false,false,false,false
https://mail.google.com/mail/u/0/,true,false,false,false,false,false,false,false,true,false,false,false,false,false,false,false,false
https://app.clickup.com/,true,false,false,false,false,false,false,false,false,false,false,false,false,false,false,true,false
https://app.box.com/folder/0,true,false,false,false,false,false,false,false,true,false,false,false,false,false,false,false,false
https://zoom.us/profile,true,false,false,false,false,false,false,false,true,false,false,false,false,false,false,true,false
https://www.coursera.org/my-learning,true,false,false,false,false,false,false,false,false,false,false,false,true,false,false,false,true
https://www.kaggle.com/settings,true,false,false,false,false,false,false,false,true,false,false,false,false,false,false,true,false
https://huggingface.co/settings/profile,true,false,false,false,false,false,false,false,true,false,false,false,false,false,false,false,false
https://www.etsy.com/your/purchases,true,false,false,true,false,false,false,false,false,false,false,false,false,true,false,false,false
https://www.spotify.com/account/overview/,true,false,false,false,false,false,false,false,true,false,false,false,false,false,false,false,false
https://www.twitch.tv/settings/profile,true,false,false,false,false,false,false,false,false,false,false,false,false,false,false,true,false
https://discord.com/channels/@me,true,false,false,false,false,false,false,false,false,false,false,false,false,false,false,true,false
https://www.tumblr.com/dashboard,true,false,false,false,false,false,false,false,true,false,false,false,false,false,false,false,false
https://medium.com/me/stories,true,false,false,false,false,false,false,false,false,false,false,false,false,false,false,true,false
https://gitlab.com/-/profile,true,false,false,true,false,false,false,false,false,false,false,false,false,true,false,false,false
https://codeberg.org/user/settings,true,false,false,false,false,false,false,false,true,false,false,false,false,false,false,false,false
https://www.overleaf.com/project,true,false,false,false,false,false,false,false,true,false,false,false,false,false,false,false,false
https://www.kickstarter.com/profile/backings,true,false,false,true,false,false,false,false,false,false,false,false,false,true,false,false,false
https://www.booking.com/mytrips.html,true,false,false,false,false,false,false,false,false,false,false,false,true,false,false,false,false
https://cloud.digitalocean.com/,true,false,false,false,false,false,false,false,true,false,false,false,false,false,false,true,false
https://dashboard.heroku.com/apps,true,false,false,false,false,false,false,false,false,false,false,false,false,false,false,true,false
https://console.firebase.google.com/,true,false,false,false,false,false,false,false,true,false,false,false,false,false,false,false,false
https://dashboard.render.com/,true,false,false,false,false,false,false,false,false,false,false,false,false,false,false,true,false
https://fly.io/dashboard,true,false,false,false,false,false,false,false,true,false,false,false,false,false,false,false,false
https://sentry.io/organizations/,true,false,false,false,false,false,false,false,true,false,false,false,false,false,false,true,false
https://console.neon.tech/,true,false,false,false,false,false,false,false,true,false,false,false,false,false,false,false,false
https://cloud.mongodb.com/,true,false,false,false,false,false,false,false,true,false,false,false,false,false,false,true,false
https://app.planetscale.com/,true,false,false,false,false,false,false,false,true,false,false,false,false,false,false,false,false
https://www.chase.com/personal/online-banking,true,false,false,false,false,false,false,false,false,false,false,false,true,false,false,false,false
https://www.goodreads.com/review/list,true,false,false,false,false,false,false,false,true,false,false,false,false,false,false,false,false
https://leetcode.com/profile/,true,false,false,false,false,false,false,false,false,false,false,false,false,false,false,true,false
https://www.linkedin.com/mynetwork/,true,false,false,false,false,false,false,false,true,false,false,false,false,false,false,false,false
https://app.asana.com/,true,false,false,false,false,false,false,false,true,false,false,false,false,false,false,false,false
https://music.youtube.com/,true,false,false,false,false,false,false,false,false,false,false,false,false,false,false,true,false
https://teams.microsoft.com/,true,false,false,false,false,false,false,false,false,false,false,false,false,false,false,true,false
https://www.canva.com/,true,false,false,false,false,false,true,false,false,false,false,false,false,false,false,false,false
https://soundcloud.com/,true,false,false,false,false,false,true,false,false,false,false,false,false,false,false,true,false
https://earth.google.com/web/,true,false,false,false,false,false,true,false,false,false,false,false,false,false,false,false,false
https://dashboard.stripe.com/,true,false,false,false,false,false,true,false,true,false,false,false,false,false,false,false,false
https://www.google.com/travel/flights,true,false,false,false,false,false,true,false,false,false,false,false,false,false,false,false,false
https://www.patagonia.com/,true,false,false,false,false,false,false,true,false,false,false,false,false,false,false,false,false
https://keepachangelog.com/,true,false,false,false,false,false,false,true,false,false,false,false,false,false,false,false,false
https://cran.r-project.org/,true,false,false,false,false,false,false,true,false,false,false,false,false,false,false,false,false
https://www.crunchyroll.com/,true,false,false,false,false,true,false,false,false,false,false,false,false,false,false,true,false
https://www.qwant.com/,true,false,false,false,false,true,false,false,false,false,false,false,false,false,false,false,false
https://www.aliexpress.com/,true,false,false,false,false,false,false,false,false,false,false,false,false,false,false,false,true
https://x.com/,true,false,false,false,false,false,false,false,true,false,false,false,false,false,false,false,false
https://x.com/settings/account,true,false,false,false,false,false,false,false,true,false,false,false,false,false,false,true,false
https://www.op.fi/,true,false,false,false,false,false,false,false,true,false,false,false,false,false,false,true,false
https://old.reddit.com/,true,false,false,false,false,false,false,false,true,false,false,false,false,false,false,true,false
https://steamcommunity.com/my/,true,false,false,false,false,false,false,false,true,false,false,false,false,false,false,false,false
https://replit.com/~,true,false,false,false,false,false,false,false,true,false,false,false,false,false,false,true,false
https://store.steampowered.com/app/999999999/,true,false,false,false,false,false,false,false,false,false,false,false,true,false,false,false,true
https://www.kaggle.com/zz9q-nonexistent-user,true,false,false,false,false,false,false,false,false,false,false,false,true,false,false,true,false
https://chatgpt.com/,true,false,false,false,false,false,false,false,false,false,false,false,false,false,false,true,false
https://www.chess.com/play/online,true,false,false,false,false,false,false,false,false,false,false,false,false,false,false,true,false
https://railway.com/dashboard,true,false,false,false,false,false,false,false,false,false,false,false,false,false,false,true,false
https://secure.chase.com/web/auth/dashboard,true,false,false,false,false,false,false,false,true,false,false,false,false,false,false,true,false
https://play.grafana.org/,true,false,false,false,false,false,false,false,false,false,false,false,false,false,false,true,false
https://console.aws.amazon.com/,true,false,false,false,false,false,false,true,false,false,false,false,false,false,false,false,false
https://outlook.live.com/mail/,true,false,false,false,false,false,false,false,false,false,false,false,false,false,false,true,false
https://vault.bitwarden.com/,true,false,false,false,false,false,false,false,false,false,false,false,false,false,false,true,false
https://dash.cloudflare.com/,true,false,false,false,false,false,false,false,false,false,false,false,false,false,false,true,false
https://imgur.com/,true,false,false,false,false,false,false,false,false,false,false,false,false,false,false,true,false
https://www.marinetraffic.com/,true,false,false,false,false,false,false,false,false,false,false,false,false,false,false,true,false
https://archive.org/,true,false,false,false,false,false,false,false,false,false,false,false,false,false,false,true,false
https://www.virustotal.com/gui/home/upload,true,false,false,false,false,false,false,false,false,false,false,false,false,false,false,true,false
https://web.telegram.org/,true,false,false,false,false,false,false,false,false,false,false,false,false,false,false,true,false
https://cloud.linode.com/,true,false,false,false,false,false,false,false,false,false,false,false,false,false,false,true,false
https://www.twitch.tv/zz9qnonexistentuser,true,false,false,false,false,false,false,false,false,false,false,false,false,false,false,true,false
https://www.bund.de/,true,false,false,false,false,false,false,false,false,false,false,false,false,false,false,true,false
https://colab.research.google.com/,true,false,false,false,false,false,false,false,false,false,false,false,false,false,false,true,false
https://regex101.com/,false,false,false,false,false,false,false,false,false,false,false,false,false,false,false,false,false
https://www.costco.com/,true,false,false,false,false,false,false,false,false,false,false,false,false,false,false,true,false
https://arxiv.org/pdf/1706.03762,true,false,true,false,false,false,false,false,false,false,false,false,false,false,false,false,false
https://api.github.com/,true,false,true,false,false,false,false,false,false,false,false,false,false,false,false,false,false
https://httpbin.org/json,true,false,true,false,false,false,false,false,false,false,false,false,false,false,false,false,false
https://httpbin.org/image/png,true,false,true,false,false,false,false,false,false,false,false,false,false,false,false,false,false
https://www.google.com/robots.txt,true,false,true,false,false,false,false,false,false,false,false,false,false,false,false,false,false
https://www.rfc-editor.org/rfc/rfc9110.txt,true,false,true,false,false,false,false,false,false,false,false,false,false,false,false,false,false
https://raw.githubusercontent.com/python/cpython/main/README.rst,true,false,true,false,false,false,false,false,false,false,false,false,false,false,false,false,false
https://jsonplaceholder.typicode.com/posts/1,true,false,true,false,false,false,false,false,false,false,false,false,false,false,false,false,false
https://httpbin.org/bytes/1024,true,false,true,false,false,false,false,false,false,false,false,false,false,false,false,false,false
https://httpbin.org/xml,false,false,false,false,false,false,false,false,false,false,false,false,false,false,false,false,false
https://hnrss.org/frontpage,false,false,false,false,false,false,false,false,false,false,false,false,false,false,false,false,false
https://httpbin.org/status/502,true,false,false,false,false,false,false,false,false,false,false,false,false,false,true,false,false
https://httpbin.org/status/503,true,false,false,false,false,false,false,false,false,false,false,false,false,false,true,false,false
https://httpbin.org/status/429,true,false,false,false,true,false,false,false,false,false,false,false,false,false,false,false,false
https://httpbin.org/status/410,true,false,false,false,false,false,false,false,false,false,false,true,false,false,false,false,false
https://www.spiegel.de/wissenschaft/shamonda-virus-wie-gefaehrlich-ist-das-virus-fuer-tier-und-mensch-a-dc96456d-b4e6-40cf-a791-825d7dc0d182,true,false,false,false,false,false,false,false,false,true,false,false,false,false,false,false,false
https://www.spiegel.de/panorama/gesellschaft/trans-mann-in-afd-hochburg-sachsen-anhalt-die-geheime-verwandlung-des-julian-kern-a-516cb222-f80e-47e2-916b-7713191def8d,true,false,false,false,false,false,false,false,false,true,false,false,false,false,false,false,false
https://www.spiegel.de/panorama/horst-lichter-zwirbelbart-gekappt-bares-fuer-rares-star-zeigt-sich-voellig-veraendert-a-0d43079c-7670-4bd7-9db5-6b83f58fbeaa,false,false,false,false,false,false,false,false,false,false,false,false,false,false,false,false,false
https://www.spiegel.de/ausland/ukraine-krieg-drohnendetektor-im-kinderwagen-als-schutz-vor-russischen-angriffen-a-b15f88e9-2769-4d4d-b70a-9d0d78f5bf45,false,false,false,false,false,false,false,false,false,false,false,false,false,false,false,false,false
https://www.newyorker.com/magazine/2026/10/05/should-i-stay-or-should-i-go,false,false,false,false,false,false,false,false,false,false,false,false,false,false,false,false,false
https://www.newyorker.com/magazine/2026/10/05/the-president-vs-the-press,true,false,false,false,false,false,false,false,false,false,false,false,false,false,false,false,true
https://www.nationalgeographic.com/animals/article/south-africa-white-rhino-rescue,false,false,false,false,false,false,false,false,false,false,false,false,false,false,false,false,false
https://www.ft.com/content/f9c197e8-e163-4ffe-8563-3fe4e9c76f89,true,false,false,true,false,false,false,false,false,false,false,false,false,true,false,false,false
https://www.lemonde.fr/politique/article/2026/09/28/mediapart-rapporte-des-propos-antisemites-de-jordan-bardella-qui-denonce-des-faux-grossiers_6785064_823448.html,true,false,false,true,false,false,false,false,false,false,false,false,false,false,false,false,false
https://ireadall.ai,true,false,false,false,false,false,false,false,false,false,false,false,false,false,false,false,true
https://github.blog/open-source/git/highlights-from-git-2-56/,false,false,false,false,false,false,false,false,false,false,false,false,false,false,false,false,false
https://www.channelnewsasia.com/business/open-ai-new-model-safety-6416906,true,false,false,false,false,false,false,false,false,false,false,false,false,false,false,false,true
https://diabetesriskanalyzer.org/,false,false,false,false,false,false,false,false,false,false,false,false,false,false,false,false,false
https://terminal-typing-svg.vaidikv.workers.dev/demo,false,false,false,false,false,false,false,false,false,false,false,false,false,false,false,false,false
https://www.asimov.press/p/great-leaps,false,false,false,false,false,false,false,false,false,false,false,false,false,false,false,false,false
https://hcompany.ai/newsroom/holo4,false,false,false,false,false,false,false,false,false,false,false,false,false,false,false,false,false
https://jylus.ai/try,false,false,false,false,false,false,false,false,false,false,false,false,false,false,false,false,false
https://sarahconstantin.substack.com/p/ai-companies-are-not-necessarily,false,false,false,false,false,false,false,false,false,false,false,false,false,false,false,false,false
https://www.techbuzz.ai/articles/openai-halts-model-release-amid-safety-escalation,false,false,false,false,false,false,false,false,false,false,false,false,false,false,false,false,false
https://twitter.com/joedaroo/status/2104335929293127851,false,false,false,false,false,false,false,false,false,false,false,false,false,false,false,false,false
https://maroun-baydoun.com/blog/ai-revenge-non-techies/,false,false,false,false,false,false,false,false,false,false,false,false,false,false,false,false,false
https://www.wired.com/story/the-next-evolution-of-ai-is-learning-from-your-dodgy-gaming-skills/,true,false,false,false,false,false,false,false,false,false,false,false,false,false,false,false,true
https://tryhumanos.com,false,false,false,false,false,false,false,false,false,false,false,false,false,false,false,false,false
https://aimode.substack.com/p/making-things-to-make-them,false,false,false,false,false,false,false,false,false,false,false,false,false,false,false,false,false
https://blog.roboflow.com/gpt-6-astra-vision/,false,false,false,false,false,false,false,false,false,false,false,false,false,false,false,false,false
https://joinhandshake.com/research/ai/deepswe-reward-hacking/,false,false,false,false,false,false,false,false,false,false,false,false,false,false,false,false,false
https://gruhn.me/blog/2026-09-29/,false,false,false,false,false,false,false,false,false,false,false,false,false,false,false,false,false
https://c3-lang.org/blog/i_thought_i_was_building_a_c_replacement/,false,false,false,false,false,false,false,false,false,false,false,false,false,false,false,false,false
https://lightspeed.webland.pl/,false,false,false,false,false,false,false,false,false,false,false,false,false,false,false,false,false
https://caeliai.com/blog/reverse-engineering-how-muse-shops,false,false,false,false,false,false,false,false,false,false,false,false,false,false,false,false,false
https://www.rnz.co.nz/news/science-and-technology/1644695/evs-being-trialled-as-giant-batteries-to-power-homes-for-less-in-auckland,false,false,false,false,false,false,false,false,false,false,false,false,false,false,false,false,false
https://colossus.com/article/mark-zuckerberg-profile/,true,false,false,false,false,false,false,false,false,false,false,false,false,false,false,false,true
https://runtimewire.com/article/wsj-reports-openai-scrapped-gpt-6-1-astra-over-safety-concerns,false,false,false,false,false,false,false,false,false,false,false,false,false,false,false,false,false
https://lexifina.com/blog/agent-token-spend-distribution-coding-versus-legal-work,false,false,false,false,false,false,false,false,false,false,false,false,false,false,false,false,false
https://pi.snaptra.de/,false,false,false,false,false,false,false,false,false,false,false,false,false,false,false,false,false
https://musetogether.ai/,false,false,false,false,false,false,false,false,false,false,false,false,false,false,false,false,false
https://maxmautner.com/2026/09/28/when-we-talk-about-traffic-violence.html,false,false,false,false,false,false,false,false,false,false,false,false,false,false,false,false,false
https://softwaredoug.com/blog/2025/01/19/llm-as-judge-both-ways,false,false,false,false,false,false,false,false,false,false,false,false,false,false,false,false,false
https://www.politico.eu/article/block-us-sanctions-on-the-icc-eu-lawmakers-tell-commission/,false,false,false,false,false,false,false,false,false,false,false,false,false,false,false,false,false
https://hyperstition.cc/training-nanogpt-in-39-9-seconds,false,false,false,false,false,false,false,false,false,false,false,false,false,false,false,false,false
https://artificialanalysis.ai/articles/claude-sonnet-5-5,false,false,false,false,false,false,false,false,false,false,false,false,false,false,false,false,false
https://www.rubick.com/the-ratchet/,false,false,false,false,false,false,false,false,false,false,false,false,false,false,false,false,false
https://www.cnbc.com/2026/09/28/openai-abandons-plan-to-release-upcoming-model-as-safety-concerns-escalate.html,true,false,false,false,false,false,false,false,false,false,false,false,false,false,false,false,true
https://www.vanderbilt.edu/principles/state-of-scholarship-report/anthropology/joseph-henrich/,false,false,false,false,false,false,false,false,false,false,false,false,false,false,false,false,false
https://worksinprogress.co/issue/every-mosquito-is-a-policy-failure/,true,false,false,false,false,false,false,false,false,false,false,false,false,false,false,false,true
https://www.asymmetricsecurity.com/newsroom/rogue-agent-investigation/,false,false,false,false,false,false,false,false,false,false,false,false,false,false,false,false,false
https://www.cert.europa.eu/blog/taking-execute-logging-a-bit-too-literally-cve-2026-88771,false,false,false,false,false,false,false,false,false,false,false,false,false,false,false,false,false
https://reladraw.github.io/reladraw/,false,false,false,false,false,false,false,false,false,false,false,false,false,false,false,false,false
https://cen.acs.org/materials/energy-storage/ingestible-battery-electrode-biodegradable/104/web/2026/09,true,false,false,false,false,false,false,false,false,false,false,false,false,false,false,false,true
https://voidnullvalue.github.io/openai-fido2/,false,false,false,false,false,false,false,false,false,false,false,false,false,false,false,false,false
https://nautil.us/frogs-wear-bacterial-armor-to-defend-against-fungus-1285363,false,false,false,false,false,false,false,false,false,false,false,false,false,false,false,false,false
https://hackaday.com/2026/09/28/synthetic-aperture-radar-drone-gets-interferometric-imaging/,false,false,false,false,false,false,false,false,false,false,false,false,false,false,false,false,false
https://theintercept.com/2026/09/28/ai-military-nuclear-war-doomsday/,false,false,false,false,false,false,false,false,false,false,false,false,false,false,false,false,false
https://bufferof.com/en/Blog_Optimize_Tetris_NP_Complete_solution_with_AlphaEvolve/index.html,false,false,false,false,false,false,false,false,false,false,false,false,false,false,false,false,false
https://www.jimmysastra.com/blog/10-tokens/,false,false,false,false,false,false,false,false,false,false,false,false,false,false,false,false,false
https://www.tikr.com/blog/meta-poaches-mongodb-ceo-effective-immediately-stock-sinks-24,false,false,false,false,false,false,false,false,false,false,false,false,false,false,false,false,false
https://mathathonchallenge.com/,false,false,false,false,false,false,false,false,false,false,false,false,false,false,false,false,false
https://www.space.com/space-exploration/human-spaceflight/boeing-starliner-wont-launch-astronauts-until-2028-and-may-need-a-new-rocket-nasa-says,true,false,false,false,false,false,false,false,false,false,false,false,false,false,false,false,true
https://sentientmedia.org/five-takeaways-mapping-iowas-factory-farms/,false,false,false,false,false,false,false,false,false,false,false,false,false,false,false,false,false
https://lapcatsoftware.com/articles/2026/9/8.html,false,false,false,false,false,false,false,false,false,false,false,false,false,false,false,false,false
https://emot.substack.com/p/how-the-internet-got-its-addresses,false,false,false,false,false,false,false,false,false,false,false,false,false,false,false,false,false
https://web.archive.org/web/20100501010616/http://www.apple.com/hotnews/thoughts-on-flash/,false,false,false,false,false,false,false,false,false,false,false,false,false,false,false,false,false
https://blog.glyph.im/2026/09/serious-ai-product.html,false,false,false,false,false,false,false,false,false,false,false,false,false,false,false,false,false
https://www.techemails.com/p/bill-gates-tries-to-install-movie-maker,false,false,false,false,false,false,false,false,false,false,false,false,false,false,false,false,false
https://hardenedbsd.org/article/shawn-webb/2026-09-27/hardenedbsd-august-september-2026-status-report,false,false,false,false,false,false,false,false,false,false,false,false,false,false,false,false,false
https://ishadeed.com/article/css-detect-overlap/,false,false,false,false,false,false,false,false,false,false,false,false,false,false,false,false,false
https://www.ihatethefuture.com/2026/09/the-normalization-of-inexplicable.html,false,false,false,false,false,false,false,false,false,false,false,false,false,false,false,false,false
https://www.robw.fyi/2026/09/28/how-to-solve-hallucination/,false,false,false,false,false,false,false,false,false,false,false,false,false,false,false,false,false
https://blog.bitdrift.io/post/blob-stream-kafka-alternative,false,false,false,false,false,false,false,false,false,false,false,false,false,false,false,false,false
https://calnewport.com/its-time-to-investigate-the-ai-labs/,false,false,false,false,false,false,false,false,false,false,false,false,false,false,false,false,false
https://www.globalnerdy.com/2026/09/28/aaron-pattersons-closing-keynote-and-antidote-to-the-dhh-funeral-at-rails-world-2026-get-in-loser-were-going-programming/,false,false,false,false,false,false,false,false,false,false,false,false,false,false,false,false,false
https://yashgarg.dev/posts/hijacking-ps5-rtmp-stream/,false,false,false,false,false,false,false,false,false,false,false,false,false,false,false,false,false
https://git.mills.io/prologic/parley,false,false,false,false,false,false,false,false,false,false,false,false,false,false,false,false,false
https://blog.documentfoundation.org/blog/2026/09/03/yes-no-ai-is-now-a-feature/,false,false,false,false,false,false,false,false,false,false,false,false,false,false,false,false,false
https://dbushell.com/2026/09/28/leaving-them-behind/,false,false,false,false,false,false,false,false,false,false,false,false,false,false,false,false,false
https://hereticpleb.vercel.app/blog/packing-binary-is-fun-actually/,false,false,false,false,false,false,false,false,false,false,false,false,false,false,false,false,false
https://sancho.bearblog.dev/google-weird/,false,false,false,false,false,false,false,false,false,false,false,false,false,false,false,false,false
https://depthfirst.com/research/containers-are-no-longer-safe,false,false,false,false,false,false,false,false,false,false,false,false,false,false,false,false,false
https://hugoarnal.com/blog/rickroll-pharmacy-cross/,false,false,false,false,false,false,false,false,false,false,false,false,false,false,false,false,false
https://geohack.toolforge.org/geohack.php?pagename=Anton_Gogala_Farmstead&params=45_40_25_N_94_36_20_W_type:landmark_region:US-MN,false,false,false,false,false,false,false,false,false,false,false,false,false,false,false,false,false
https://fr.wikisource.org/wiki/Les_Po%C3%A8tes_maudits,false,false,false,false,false,false,false,false,false,false,false,false,false,false,false,false,false
https://eldonthompson.com/biography,false,false,false,false,false,false,false,false,false,false,false,false,false,false,false,false,false
https://www.glasgowtimes.co.uk/news/12830364.rugby-back-on-stv/,true,false,false,false,false,false,false,false,false,false,false,false,false,false,false,false,true
https://www.navytimes.com/news/your-navy/2025/08/15/meet-the-navys-new-enlisted-leader/,false,false,false,false,false,false,false,false,false,false,false,false,false,false,false,false,false
https://pitchfork.com/features/lists-and-guides/7710-the-top-200-albums-of-the-2000s-20-1/?page=8,false,false,false,false,false,false,false,false,false,false,false,false,false,false,false,false,false
https://runeberg.org/dialektl/0624.html,false,false,false,false,false,false,false,false,false,false,false,false,false,false,false,false,false
https://www.biolib.cz/en/taxon/id9324,false,false,false,false,false,false,false,false,false,false,false,false,false,false,false,false,false
http://www.larousse.fr/archives/journaux_annee/1995/173/informatique_et_telecommunications,false,false,false,false,false,false,false,false,false,false,false,false,false,false,false,false,false
https://lecaro.me/20260921-google-less.html,false,false,false,false,false,false,false,false,false,false,false,false,false,false,false,false,false
https://www.anthropic.com/claude-sonnet-5-5,false,false,false,false,false,false,false,false,false,false,false,false,false,false,false,false,false
https://definitelynotwindows.com/,false,false,false,false,false,false,false,false,false,false,false,false,false,false,false,false,false
https://www.ssp.sh/brain/the-problem-is-not-the-ai-code-but-nobody-knows-anything-anymore/,false,false,false,false,false,false,false,false,false,false,false,false,false,false,false,false,false
https://mubi.com/en/notebook/posts/pirating-the-pirates,false,false,false,false,false,false,false,false,false,false,false,false,false,false,false,false,false
https://www.thisamericanlife.org/897/transcript,false,false,false,false,false,false,false,false,false,false,false,false,false,false,false,false,false
https://blog.alexewerlof.com/p/coding-is-not-solved,false,false,false,false,false,false,false,false,false,false,false,false,false,false,false,false,false
https://thecivilian.co.nz/2026/09/27/ai-companies-in-fierce-arms-race-to-demonstrate-their-model-is-the-most-existentially-threatening-to-humanity/,false,false,false,false,false,false,false,false,false,false,false,false,false,false,false,false,false
https://colo.to/nvidia-stock-narrative.html,false,false,false,false,false,false,false,false,false,false,false,false,false,false,false,false,false
https://david.alvarezrosa.com/posts/self-hosting-on-the-dark-web/,false,false,false,false,false,false,false,false,false,false,false,false,false,false,false,false,false
https://loficities.com/,false,false,false,false,false,false,false,false,false,false,false,false,false,false,false,false,false
https://fireworks.ai/blog/ember-1,false,false,false,false,false,false,false,false,false,false,false,false,false,false,false,false,false
https://iain.rocks/blog/dont-couple-your-go-code-to-github,false,false,false,false,false,false,false,false,false,false,false,false,false,false,false,false,false
https://eoinhiggins.substack.com/p/there-are-no-rogue-ai-agents,false,false,false,false,false,false,false,false,false,false,false,false,false,false,false,false,false
https://unsung.aresluna.org/they-had-no-concept-of-a-duty-of-care-to-their-users/,false,false,false,false,false,false,false,false,false,false,false,false,false,false,false,false,false
https://authorsguild.org/news/ag-v-openai-top-execs-knew-mass-book-piracy-was-illegal/,false,false,false,false,false,false,false,false,false,false,false,false,false,false,false,false,false
https://theborys.substack.com/p/what-is-the-size-of-yemen,false,false,false,false,false,false,false,false,false,false,false,false,false,false,false,false,false
https://blog.greenpants.net/ai-accountability/,false,false,false,false,false,false,false,false,false,false,false,false,false,false,false,false,false
https://jonworth.eu/your-deutsche-bahn-joke-is-no-longer-fu/,false,false,false,false,false,false,false,false,false,false,false,false,false,false,false,false,false
https://en.code-bude.net/2026/09/28/the-internet-is-dead-isnt-it/,false,false,false,false,false,false,false,false,false,false,false,false,false,false,false,false,false
https://electrek.co/2026/09/28/full-self-hauling-volvo-moves-3-million-tonnes-of-earth-autonomously/,true,false,false,false,false,false,false,false,false,false,false,false,false,false,false,false,true
https://futurism.com/artificial-intelligence/metas-muse-ai-giving-users-home-addresses,false,false,false,false,false,false,false,false,false,false,false,false,false,false,false,false,false
https://www.cbc.ca/news/entertainment/musk-documentary-ads-blocked-youtube-meta-tiktok-9.7361211,true,false,false,false,false,false,false,false,false,false,false,false,false,false,false,false,true
https://www.arctictoday.com/palantir-founder-purchases-large-swath-of-forest-in-sweden/,false,false,false,false,false,false,false,false,false,false,false,false,false,false,false,false,false
https://ir.amd.com/news-events/press-releases/detail/1299/amd-to-acquire-world-labs-to-advance-the-future-of-ai-compute,false,false,false,false,false,false,false,false,false,false,false,false,false,false,false,false,false
https://www.noahpinion.blog/p/wheres-the-intelligence-explosion,false,false,false,false,false,false,false,false,false,false,false,false,false,false,false,false,false
https://fabricati-diem.inform.social/post/deshittification-as-a-service-part2-bypassing-the-app-store-gatekeeper/,false,false,false,false,false,false,false,false,false,false,false,false,false,false,false,false,false
https://www.worldlabs.ai/blog/amd-announcement,false,false,false,false,false,false,false,false,false,false,false,false,false,false,false,false,false
https://drfeifei.substack.com/p/worldlabs-joining-amd,false,false,false,false,false,false,false,false,false,false,false,false,false,false,false,false,false
https://www.kqed.org/news/12101534/california-farmers-are-struggling-to-sell-grapes-as-demand-for-wine-drops,true,false,false,false,false,false,false,false,false,false,false,false,false,false,false,false,true
https://www.getprivisy.com/blog/sb-923-ccpa-right-to-delete-signed,false,false,false,false,false,false,false,false,false,false,false,false,false,false,false,false,false
https://www.aha.io/engineering/articles/coding-ai-without-deterministic-outcomes,false,false,false,false,false,false,false,false,false,false,false,false,false,false,false,false,false
https://blog.plcred.org/3mwlphq42d227,false,false,false,false,false,false,false,false,false,false,false,false,false,false,false,false,false
https://stateofutopia.com/experiments/microllmlab/,true,false,false,false,false,false,false,false,false,false,false,false,false,false,false,false,true
http://chunkofcoal.com/posts/simd-csv/,false,false,false,false,false,false,false,false,false,false,false,false,false,false,false,false,false
https://writings.stephenwolfram.com/2026/09/whats-the-future-for-pure-math-research-in-the-age-of-ai/,false,false,false,false,false,false,false,false,false,false,false,false,false,false,false,false,false
https://ihavenapkinthoughts.substack.com/p/burning-man-death-rates-a-short-lesson,false,false,false,false,false,false,false,false,false,false,false,false,false,false,false,false,false
https://www.bbc.co.uk/news/articles/cqwyzrg7xm2zo,false,false,false,false,false,false,false,false,false,false,false,false,false,false,false,false,false
https://blog.wirelessmoves.com/2026/09/grapheneos-when-an-app-is-slow.html,false,false,false,false,false,false,false,false,false,false,false,false,false,false,false,false,false
https://elevenlabs.io/v4,false,false,false,false,false,false,false,false,false,false,false,false,false,false,false,false,false
https://www.euronews.com/2026/09/28/nvidia-launches-platform-to-quarantine-rogue-ai-agents-in-milliseconds,false,false,false,false,false,false,false,false,false,false,false,false,false,false,false,false,false
https://www.smithsonianmag.com/history/who-wrote-elizabeth-is-most-scathing-letters-new-research-suggests-the-tudor-queens-male-secretaries-revised-her-correspondence-to-emphasize-her-temper-180989565/,false,false,false,false,false,false,false,false,false,false,false,false,false,false,false,false,false
https://domainnamewire.com/2026/09/28/slovenia-si-domains/,false,false,false,false,false,false,false,false,false,false,false,false,false,false,false,false,false
https://sober.vinegarhq.org/,false,false,false,false,false,false,false,false,false,false,false,false,false,false,false,false,false
https://polylane.com/blog/we-swapped-our-llms-for-jev/,false,false,false,false,false,false,false,false,false,false,false,false,false,false,false,false,false
https://www.vespper.com/blog/launching-vespper-docx-mcp,false,false,false,false,false,false,false,false,false,false,false,false,false,false,false,false,false
https://sourceware.org/pipermail/gdb/2026-September/052333.html,false,false,false,false,false,false,false,false,false,false,false,false,false,false,false,false,false
https://www.city-journal.org/article/alaska-blue-collar-jobs-work-manufacturing,false,false,false,false,false,false,false,false,false,false,false,false,false,false,false,false,false
https://www.pewresearch.org/decoded/2026/09/28/how-pew-research-center-is-and-is-not-using-ai-in-our-work-2/,false,false,false,false,false,false,false,false,false,false,false,false,false,false,false,false,false
https://www.propublica.org/article/trumps-plan-to-restrict-mail-voting,false,false,false,false,false,false,false,false,false,false,false,false,false,false,false,false,false
https://www.worseonpurpose.com/p/who-makes-singer-sewing-machines,false,false,false,false,false,false,false,false,false,false,false,false,false,false,false,false,false
https://little-flying-robots.ghost.io/why-we-cant-let-enormous-weirdos-regulate-ai/,false,false,false,false,false,false,false,false,false,false,false,false,false,false,false,false,false
https://www.extremetech.com/mobile/grapheneos-picks-motorola-signature-27-as-its-first-non-pixel-phone,false,false,false,false,false,false,false,false,false,false,false,false,false,false,false,false,false
https://simonw.substack.com/p/2026-in-llms-so-far,false,false,false,false,false,false,false,false,false,false,false,false,false,false,false,false,false
https://destroy.spritefusion.com/,false,false,false,false,false,false,false,false,false,false,false,false,false,false,false,false,false
https://thorstenball.com/blog/2026/09/19/what-i-believe-about-the-future-of-software-development/,false,false,false,false,false,false,false,false,false,false,false,false,false,false,false,false,false
https://www.bobbytables.io/p/13-months-sober,false,false,false,false,false,false,false,false,false,false,false,false,false,false,false,false,false
https://getisland.app/,false,false,false,false,false,false,false,false,false,false,false,false,false,false,false,false,false
http://www.marillion.com/band/trewavas.htm,false,false,false,false,false,false,false,false,false,false,false,false,false,false,false,false,false
http://biogps.org/,false,false,false,false,false,false,false,false,false,false,false,false,false,false,false,false,false
http://www.oldiesloon.com/il/wls112677.htm,false,false,false,false,false,false,false,false,false,false,false,false,false,false,false,false,false
http://www.statoids.com/yao.html,false,false,false,false,false,false,false,false,false,false,false,false,false,false,false,false,false
https://www.llnl.gov/article/23346/space-weather-satellite-includes-llnl-developed-optics,false,false,false,false,false,false,false,false,false,false,false,false,false,false,false,false,false
http://www.sogoodreviews.com,false,false,false,false,false,false,false,false,false,false,false,false,false,false,false,false,false
https://namnak.com/%D8%B4%DB%8C%D8%B1%DB%8C%D9%86-%D8%A8%DB%8C%D9%86%D8%A7.p53423,false,false,false,false,false,false,false,false,false,false,false,false,false,false,false,false,false
https://www.anbanet.com/wadadliantigua/antigua-barbuda.html,false,false,false,false,false,false,false,false,false,false,false,false,false,false,false,false,false
https://www.crecg.com/zgztywz/cs11/10210606/2025021110100689477/index.html,false,false,false,false,false,false,false,false,false,false,false,false,false,false,false,false,false
https://www.inthepresentsea.com/the_actual_site/lists.html,false,false,false,false,false,false,false,false,false,false,false,false,false,false,false,false,false
http://www.kingwenclas.blogspot.com,false,false,false,false,false,false,false,false,false,false,false,false,false,false,false,false,false
https://www.idref.fr/142725684,true,false,false,false,false,false,false,false,false,false,false,false,false,false,false,false,true
http://www.todor66.com/athletics/world/1991/Women_100m.html,false,false,false,false,false,false,false,false,false,false,false,false,false,false,false,false,false
https://economictimes.indiatimes.com/news/politics-and-nation/win-some-lose-some-for-bjp-congress/articleshow/71749563.cms,false,false,false,false,false,false,false,false,false,false,false,false,false,false,false,false,false
https://results.imas-sport.com/kanuduisburg/race.php?competition=wettkampf_277&race_id=6,false,false,false,false,false,false,false,false,false,false,false,false,false,false,false,false,false
https://www.avclub.com/parks-and-recreation-indianapolis-1798167408,false,false,false,false,false,false,false,false,false,false,false,false,false,false,false,false,false
https://dental-scope.com/,true,false,false,false,false,false,false,false,false,false,false,false,false,false,false,true,false
https://lolchat.rip/,true,false,false,false,false,false,false,false,false,false,false,false,false,false,false,true,false
https://thearena.rip,true,false,false,false,false,false,false,false,false,false,false,false,false,false,false,true,false
https://chicken.wildcardlabs.tech,true,false,false,false,false,false,false,false,false,false,false,false,false,false,false,true,false
https://jonclegg.github.io/pacman-bakeoff/,true,false,false,false,false,false,false,false,false,false,false,false,false,false,false,true,false
https://profiles.ala.org.au/opus/foa/profile/Phebalium%20obovatum,true,false,false,false,false,false,false,false,false,false,false,false,false,false,false,true,false
http://live.isuresults.eu/2015-2016/heerenveen-2/r415.htm,true,false,false,false,false,false,false,false,false,false,false,false,false,false,false,true,false
https://explorer.natureserve.org/Taxon/ELEMENT_GLOBAL.2.835679/Megachile_astragali,true,false,false,false,false,false,false,false,false,false,false,false,false,false,false,true,false
https://www.iucnredlist.org/species/103686620/132191079,true,false,false,false,false,false,false,false,false,false,false,false,false,false,false,true,false
https://tree.opentreeoflife.org/taxonomy/browse?id=838832,true,false,false,false,false,false,false,false,false,false,false,false,false,false,false,true,false
https://www.geopedia.world/#T12_L362_F2473:4791_x1623060.1228060818_y5740923.212308822_s15_b2345,true,false,false,false,false,false,false,false,false,false,false,false,false,false,false,true,false
https://claudevcodex.com/,true,false,false,false,false,false,false,false,false,false,false,false,false,false,false,true,false
https://bughunters.google.com/blog/scaling-memory-safety,true,false,false,false,false,false,false,false,false,false,false,false,false,false,false,true,false
https://rkd.nl/en/explore/artists/15942,true,false,false,false,false,false,false,false,false,false,false,false,false,false,false,true,false
https://linkinghub.elsevier.com/retrieve/pii/S2666634026002941,true,false,false,true,false,false,false,false,false,false,false,false,false,true,false,false,false
https://www.business-standard.com/world-news/china-broadens-travel-curbs-to-encompass-family-of-top-ai-talent-126092801465_1.html,true,false,false,true,false,false,false,false,false,false,false,false,false,true,false,false,false
https://dl.acm.org/doi/10.1145/182987.584629,true,false,false,true,false,false,false,false,false,false,false,false,false,true,false,false,false
https://www.hsgac.senate.gov/media/majority-media/peters-and-portman-announce-chairs-and-ranking-members-of-new-homeland-security-and-governmental-affairs-subcommittees,true,false,false,true,false,false,false,false,false,false,false,false,false,true,false,false,false
https://newton.spacedys.com/astdys/index.php?n=2195&pc=1.1.3.0,true,false,false,true,false,false,false,false,false,false,false,false,false,false,false,false,false
https://hdl.handle.net/2246%2F2776,true,false,false,true,false,false,false,false,false,false,false,false,false,false,false,false,false
https://catalogue.nlg.gr/cgi-bin/koha/opac-authoritiesdetail.pl?authid=45900,true,false,false,true,false,false,false,false,false,false,false,false,false,false,false,false,false
https://www.jstor.org/action/doBasicSearch?Query=%22Wiesensee%22&acc=on&wc=on,true,false,false,true,false,false,false,false,false,false,false,false,false,false,false,false,false
http://ultratop.be/nl/showinterpret.asp?interpret=Hamza,true,false,false,true,false,false,false,false,false,false,false,false,false,true,false,false,false
http://www.superdeporte.es/valencia/2012/07/09/delgado-cortell-danso-serra-caras-nuevas-filial/166832.html,true,false,false,true,false,false,false,false,false,false,false,false,false,true,false,false,false
https://www.pro-football-reference.com/years/1987/draft.htm,true,false,false,true,false,false,false,false,false,false,false,false,false,true,false,false,false
https://d-nb.info/gnd/7858015-8,true,false,false,true,false,false,false,false,false,false,false,false,false,false,false,false,false
https://www.newspapers.com/article/the-san-francisco-examiner-andy-warhol-a/147786864/,true,false,false,true,false,false,false,false,false,false,false,false,false,true,false,false,false
https://www.nli.org.il/en/authorities/987007407745005171,true,false,false,true,false,false,false,false,false,false,false,false,false,true,false,false,false
http://www.afterellen.com/people/405049-elise-bauman-natasha-negovanlis-carmilla-talk-fandom-hopes-season-2/2,true,false,false,true,false,false,false,false,false,false,false,false,false,true,false,false,false
https://loc.gov/pictures/item/ny0183/,true,false,false,true,false,false,false,false,false,false,false,false,false,true,false,false,false
https://ballotpedia.org/Nicole_Klein-Knight,true,false,false,true,false,false,false,false,false,false,false,false,false,false,false,false,false
https://www.reutersconnect.com/item/protest-against-european-parliament-chat-control-10-legislation-in-warsaw-poland-26-sep-2026/dGFnOnJldXRlcnMuY29tLDIwMjY6bmV3c21sX01UMVNPUEEwMDA3UVVNMFQ,true,false,false,true,false,false,false,false,false,false,false,false,false,true,false,false,false
https://www.techdirt.com/2026/09/28/driver-ticketed-for-no-insurance-despite-having-insurance-just-because-flock-said-she-didnt/,true,false,false,true,false,false,false,false,false,false,false,false,false,true,false,false,false
https://www.royalacademy.org.uk/art-artists/work-of-art/morning-in-the-meadows,true,false,false,true,false,false,false,false,false,false,false,false,false,true,false,false,false
https://api.semanticscholar.org/CorpusID:1821571,true,false,false,true,false,false,false,false,false,false,false,false,false,false,false,false,false
https://musicbrainz.org/artist/d44825fc-2683-4aa6-8e7d-9aeba883b23c,true,false,false,true,false,false,false,false,false,false,false,false,false,false,false,false,false
https://www.ncbi.nlm.nih.gov/pmc/articles/PMC270367,true,false,false,true,false,false,false,false,false,false,false,false,false,false,false,false,false
https://www.thecanadianencyclopedia.ca/en/article/wiikwemkoong-unceded-territory,true,false,false,true,false,false,false,false,false,false,false,false,false,true,false,false,false
https://www.oxfordreference.com/display/10.1093/acref/9780190245115.001.0001/acref-9780190245115-e-5993?rskey=3aBe7L&result=1,true,false,false,true,false,false,false,false,false,false,false,false,false,true,false,false,false
https://id.loc.gov/authorities/n84044595,true,false,false,true,false,false,false,false,false,false,false,false,false,true,false,false,false
http://www.cambridge.org/9780521592710,true,false,false,true,false,false,false,false,false,false,false,false,false,true,false,false,false
https://isni.org/isni/0000000024864795,true,false,false,true,false,false,false,false,false,false,false,false,false,true,false,false,false
http://ygbspor.com/,true,false,false,true,false,false,false,false,false,false,false,false,false,true,false,false,false
https://www.domusweb.it/en/architecture/2018/02/27/los-angeles-al-struckus-house-the-last-masterpiece-of-bruce-goff.html,true,false,false,true,false,false,false,false,false,false,false,false,false,true,false,false,false
http://www.imarabe.org/exposition/degagements-la-tunisie-un-apres,true,false,false,false,false,false,false,false,false,false,false,false,true,false,false,false,false
https://www.mejorimpresora.com/multifuncion/,true,false,false,false,false,false,false,false,false,false,false,false,true,false,false,false,false
http://kazan2013.ru/hide/en/-240/Root/ViewPdf/ATW100101_C73G_1.1.PDF,true,false,false,false,false,false,false,false,false,false,false,false,true,false,false,false,false
http://mdgreenview.ab.ca/wp-content/uploads/2013/12/GV_Ward4.pdf,true,false,false,false,false,false,false,false,false,false,false,false,true,false,false,false,false
http://barryhugmansfootballers.com/player/5468,true,false,false,false,false,false,false,false,false,false,false,false,true,false,false,false,false
http://www.batteredsheep.com/priesthood.html,true,false,false,false,false,false,false,false,false,false,false,false,true,false,false,false,false
http://www.union.edu/Presidents/day.php,true,false,false,false,false,false,false,false,false,false,false,false,true,false,false,false,false
http://bookpage.com/review/the-mysterious-edge-of-the-heroic-world/hidden-treasure-at-an-estate-sale,true,false,false,false,false,false,false,false,false,false,false,false,true,false,false,false,false
https://www.fhsu.edu/news/2016/10/Former-FHSU-football-coach-now-history-researcher,true,false,false,false,false,false,false,false,false,false,false,false,true,false,false,false,false
http://web.mnstate.edu/provost/Soft%20Agar%20Assay%20Protocol.pdf,true,false,false,false,false,false,false,false,false,false,false,false,true,false,false,false,false
http://cdn.emmys.tv/awards/2009ptemmys/61stemmys_noms.php,true,false,false,false,false,false,false,false,false,false,false,false,true,false,false,false,false
https://blog.cpdfootball.de/2015/07/29/sporting-clube-de-goa-sign-up-sesa-quartet/amp/,true,false,false,false,false,false,false,false,false,false,true,false,true,false,false,false,false
https://www.eia.gov/consumption/residential/data/2024/hc/pdf/HC4.5_2024.pdf,true,false,true,false,false,false,false,false,false,false,false,false,false,false,false,false,false
https://www.its.caltech.edu/%7Ematilde/AImathNew.pdf,true,false,true,false,false,false,false,false,false,false,false,false,false,false,false,false,false
https://casp.ac/__l5e/assets-v1/5efd4b41-deb5-4513-a0a3-b4f82d2b79ea/intelligence-explosion.pdf,true,false,true,false,false,false,false,false,false,false,false,false,false,false,false,false,false
https://journaldemonaco.gouv.mc/var/jdm/storage/original/application/c87adfd3158c152aa679116218662f23.pdf,true,false,true,false,false,false,false,false,false,false,false,false,false,false,false,false,false
https://archivio.unita.news/assets/main/1962/04/20/page_007.pdf,true,false,true,false,false,false,false,false,false,false,false,false,false,false,false,false,false
https://www2.census.gov/geo/docs/maps-data/data/gazetteer/2016_Gazetteer/2016_gaz_place_42.txt,true,false,true,false,false,false,false,false,false,false,false,false,false,false,false,false,false
https://worldradiohistory.com/UK/Music-and-Media/90s/1994/MM-1994-11-26.pdf,true,false,true,false,false,false,false,false,false,false,false,false,false,false,false,false,false
https://www.statnews.com/2026/09/28/ai-bioweapons-pathogens-guardrails-policy-warning/,false,false,false,false,false,false,false,false,false,false,false,false,false,false,false,false,false
https://newsletter.pragmaticengineer.com/p/the-great-engineering-leader-career-break,true,false,false,false,false,false,false,false,false,true,false,false,false,false,false,false,false
https://skeptical.ai/,true,false,false,false,false,false,false,true,false,false,true,false,false,false,false,false,false
https://www.itis.gov/servlet/SingleRpt/SingleRpt?search_topic=TSN&search_value=849689,true,false,false,false,false,false,false,false,false,false,false,false,false,false,false,false,true
https://www.autohome.com.cn/news/201903/931125.html,true,false,false,false,false,false,false,false,false,false,false,false,false,false,false,false,true
http://www.isuresults.com/bios/isufs00013884.htm,false,false,false,false,false,false,false,false,false,false,false,false,false,false,false,false,false
https://socialwelfare.library.vcu.edu/eras/great-depression/kempshall-anna-star-1891-1961-social-worker-director-family-service-department-css/,false,false,false,false,false,false,false,false,false,false,false,false,false,false,false,false,false
http://sports.sohu.com/20120521/n343688742.shtml,true,false,false,false,false,false,false,false,false,false,false,false,false,false,false,false,true
https://gnt.globo.com,false,false,false,false,false,false,false,false,false,false,false,false,false,false,false,false,false
https://www.goldenhorse.org.tw/?r=en,false,false,false,false,false,false,false,false,false,false,false,false,false,false,false,false,false
https://ferreroacademy.com/,false,false,false,false,false,false,false,false,false,false,false,false,false,false,false,false,false
https://prometheus.lmu.de/gnd/119137321,false,false,false,false,false,false,false,false,false,false,false,false,false,false,false,false,false
https://meshb.nlm.nih.gov/record/ui?ui=D046830,false,false,false,false,false,false,false,false,false,false,false,false,false,false,false,false,false
http://lacalleesunmuseo.es/portfolio/items/monumentoalixcentenariodefuerodelogrono/,false,false,false,false,false,false,false,false,false,false,false,false,false,false,false,false,false
https://creativecommons.org/licenses/by-sa/4.0/deed.pt,false,false,false,false,false,false,false,false,false,false,false,false,false,false,false,false,false
https://www.tablerodecomando.com/comunicacion/#La_Revolucion_de_la_Informacion,false,false,false,false,false,false,false,false,false,false,false,false,false,false,false,false,false
https://www.wwe.com/shows/wwe-mixed-match-challenge/article/carmella-to-team-with-big-e-mmc,true,false,false,false,false,false,false,false,false,false,false,false,false,false,false,false,true
https://vampster.com/cd-reviews/dementi-wer-bettelt-wird-nicht-gefuettert-eigenproduktion/,false,false,false,false,false,false,false,false,false,false,false,false,false,false,false,false,false
https://www.rockpapershotgun.com/2012/04/19/wot-i-think-botanicula/,false,false,false,false,false,false,false,false,false,false,false,false,false,false,false,false,false
https://mahabodi.github.io/,false,false,false,false,false,false,false,false,false,false,false,false,false,false,false,false,false
https://www.base31.org/,false,false,false,false,false,false,false,false,false,false,false,false,false,false,false,false,false
https://code.dblock.org/2026/09/27/the-second-life-of-autoconf-for-ms-dos.html,false,false,false,false,false,false,false,false,false,false,false,false,false,false,false,false,false
https://www.latent.space/p/thariq,false,false,false,false,false,false,false,false,false,false,false,false,false,false,false,false,false
https://endstop.systems/blog/nvidia-openshell-machine-layer,false,false,false,false,false,false,false,false,false,false,false,false,false,false,false,false,false
https://pedrosantaclara.substack.com/p/what-i-learned-about-asset-pricing,false,false,false,false,false,false,false,false,false,false,false,false,false,false,false,false,false
https://www.astraobscura.net/2026/09/28/the-memory-that-wasnt-yours/,false,false,false,false,false,false,false,false,false,false,false,false,false,false,false,false,false
https://bluegraph.io/,false,false,false,false,false,false,false,false,false,false,false,false,false,false,false,false,false
https://appleinsider.com/articles/26/09/28/metas-new-ai-agent-blatantly-ignores-users-permissions,false,false,false,false,false,false,false,false,false,false,false,false,false,false,false,false,false
https://theconversation.com/why-far-right-protesters-target-non-political-groups-like-lifeboat-volunteers-292909,true,false,false,false,false,false,false,false,false,false,false,false,false,false,false,false,true
https://www.pbs.org/newshour/show/scientists-explore-new-ways-to-target-mosquitos-as-warming-climate-expands-threat,true,false,false,false,false,false,false,false,false,false,false,false,false,false,false,false,true
https://www.salon.com/2026/09/28/wife-school-cant-fix-maga-husbands/,false,false,false,false,false,false,false,false,false,false,false,false,false,false,false,false,false
https://9to5mac.com/2026/09/28/yeah-dont-give-metas-muse-app-access-to-your-mac/,true,false,false,false,false,false,false,false,false,false,false,false,false,false,false,false,true
https://www.texasobserver.org/2027-legislative-internship/,false,false,false,false,false,false,false,false,false,false,false,false,false,false,false,false,false
https://www.thebulwark.com/p/the-hard-lessons-of-springfield-haitians-ohio,false,false,false,false,false,false,false,false,false,false,false,false,false,false,false,false,false
https://vivaldi.com/blog/ios/happy-3rd-birthday-vivaldi-on-ios/,false,false,false,false,false,false,false,false,false,false,false,false,false,false,false,false,false
https://abc13.com/post/starship-worlds-most-powerful-spacecraft-launch-attempt-orbit-earth-first-time/19882139/,false,false,false,false,false,false,false,false,false,false,false,false,false,false,false,false,false
https://thinkbigpicture.substack.com/p/republican-closing-arguments-2026-midterm,false,false,false,false,false,false,false,false,false,false,false,false,false,false,false,false,false
https://www.lawdork.com/p/doj-scotus-trans-prison-care-extreme-argument,false,false,false,false,false,false,false,false,false,false,false,false,false,false,false,false,false
https://www.advocate.com/politics/national/trump-title-ix-lgbtq,false,false,false,false,false,false,false,false,false,false,false,false,false,false,false,false,false
https://www.motherjones.com/politics/2026/05/why-billionaires-pay-less-taxes-zucman-saez-jeff-bezos-irs-breaks-income-wealth/,false,false,false,false,false,false,false,false,false,false,false,false,false,false,false,false,false
https://gizmodo.com/shocker-last-nights-viral-pro-data-center-party-is-tied-to-thiel-the-koch-institute-and-other-ai-boosters-2000817924,false,false,false,false,false,false,false,false,false,false,false,false,false,false,false,false,false
https://proton.me/business/blog/cloud-act,false,false,false,false,false,false,false,false,false,false,false,false,false,false,false,false,false
https://www.macrumors.com/2026/09/28/apple-releases-macos-27-0-1/,false,false,false,false,false,false,false,false,false,false,false,false,false,false,false,false,false
https://novaramedia.com/2026/09/25/weapons-firm-gave-advice-to-uk-universities-on-countering-gaza-protests/,false,false,false,false,false,false,false,false,false,false,false,false,false,false,false,false,false
https://itsfoss.com/news/postmarketos-nura-rebranding/,true,false,false,false,false,false,false,false,false,false,false,false,false,false,false,false,true
https://truthout.org/articles/ai-company-leaders-capitalize-on-fear-to-lobby-for-regulations-that-suit-them/,false,false,false,false,false,false,false,false,false,false,false,false,false,false,false,false,false
https://www.democracynow.org/2026/9/28/britain_s_gaza_secrets_exposed,false,false,false,false,false,false,false,false,false,false,false,false,false,false,false,false,false
https://www.qasimrashid.com/p/cornell-university-systemic-sexual,false,false,false,false,false,false,false,false,false,false,false,false,false,false,false,false,false
https://abcnews.com/US/district-attorney-reopens-case-alleged-cornell-university-gang/story?id=136806149,false,false,false,false,false,false,false,false,false,false,false,false,false,false,false,false,false
https://www.councilestatemedia.uk/p/was-fairford-the-most-embarrassing,false,false,false,false,false,false,false,false,false,false,false,false,false,false,false,false,false
https://broligarchy.substack.com/p/meet-the-real-ai-rogue-agent-lord,false,false,false,false,false,false,false,false,false,false,false,false,false,false,false,false,false
https://it-notes.dragas.net/2026/09/28/smartos-the-illumos-way-of-thinking-about-servers/,false,false,false,false,false,false,false,false,false,false,false,false,false,false,false,false,false
https://news.mongabay.com/short-article/cigarette-butts-make-up-12-of-aquatic-litter-global-review-finds/,false,false,false,false,false,false,false,false,false,false,false,false,false,false,false,false,false
https://talkingpointsmemo.com/cafe/whats-missing-from-coverage-of-the-massive-doordash-worker-settlement,false,false,false,false,false,false,false,false,false,false,false,false,false,false,false,false,false
https://www.joanwestenberg.com/p/you-are-not-the-exception-to-the,false,false,false,false,false,false,false,false,false,false,false,false,false,false,false,false,false
https://fastestlaps.com/models/fiat-patriarca-1100-sport-pininfarina,false,false,false,false,false,false,false,false,false,false,false,false,false,false,false,false,false
http://www.zobbel.de/cluk/CLUK_NUM.HTM,false,false,false,false,false,false,false,false,false,false,false,false,false,false,false,false,false
https://www.gelderlander.nl/nec/nec-ziet-af-van-pavlovic-en-smith~a21d82f9/,false,false,false,false,false,false,false,false,false,false,false,false,false,false,false,false,false
https://www.androidcentral.com/pixel-vs-pixel-xl-which-should-you-buy,false,false,false,false,false,false,false,false,false,false,false,false,false,false,false,false,false
https://granish.org/arkadi-martin/,false,false,false,false,false,false,false,false,false,false,false,false,false,false,false,false,false
https://whatculture.com/music/10-new-bands-that-prove-rock-isn-39-t-dead?page=7,false,false,false,false,false,false,false,false,false,false,false,false,false,false,false,false,false
http://www.parliament.qld.gov.au/members/former/bio?id=2942930604,false,false,false,false,false,false,false,false,false,false,false,false,false,false,false,false,false
https://www.northshieldsfc.co.uk/new-signing-oliver-joins-the-ranks/,false,false,false,false,false,false,false,false,false,false,false,false,false,false,false,false,false
https://observador.pt/2023/02/06/exercito-cria-centro-de-guerra-da-informacao-e-ciberdefesa/,true,false,false,false,false,false,false,false,false,false,false,false,false,false,false,false,true
https://maitron.fr/guglielmo-raymond-robert/,false,false,false,false,false,false,false,false,false,false,false,false,false,false,false,false,false
https://www.marinespecies.org/aphia.php?p=taxdetails&id=109564,true,false,false,false,false,false,false,false,false,false,false,false,false,false,false,false,true
https://www.winnipegfreepress.com/arts-and-life/life/faith/2020/02/29/a-journey-from-darkness-to-light,false,false,false,false,false,false,false,false,false,false,false,false,false,false,false,false,false
https://ucatholic.com/blog/is-this-the-actual-robe-of-jesus-christ/,false,false,false,false,false,false,false,false,false,false,false,false,false,false,false,false,false
https://www.irmng.org/aphia.php?p=taxdetails&id=11413285,false,false,false,false,false,false,false,false,false,false,false,false,false,false,false,false,false
https://www.rsssf.org/tableso/ol1912f-det.html,false,false,false,false,false,false,false,false,false,false,false,false,false,false,false,false,false
https://www.national-football-teams.com/player/24882.html,true,false,false,false,false,false,false,false,false,false,false,false,false,false,false,false,true
https://www.mcgill.ca/burneycentre/resources/charles-burney-jr-1757-1817,false,false,false,false,false,false,false,false,false,false,false,false,false,false,false,false,false
https://13wham.com/sports/loyalty-isnt-dead-small-school-stars-stay-put,true,false,false,false,false,false,false,false,false,false,false,false,false,false,false,false,true
https://www.hltv.org/news/42480/the-evps-and-all-stars-of-blast-bounty-2025-season-2,false,false,false,false,false,false,false,false,false,false,false,false,false,false,false,false,false
https://www.swehockey.se/landslag/landslagsnyheter/tre-kronor-spelar-vm-i-finland-lettland-12-28-maj/,false,false,false,false,false,false,false,false,false,false,false,false,false,false,false,false,false
https://publicservices.international/,false,false,false,false,false,false,false,false,false,false,false,false,false,false,false,false,false
http://www.ariaawards.com.au/history-by-year.php?year=1995,true,false,false,false,false,false,false,false,false,false,false,false,true,false,false,false,false
http://www.drafthistory.com/index.php/colleges/y,false,false,false,false,false,false,false,false,false,false,false,false,false,false,false,false,false
https://www.officialcharts.com/artist/50314/tom-chaplin/,false,false,false,false,false,false,false,false,false,false,false,false,false,false,false,false,false
https://chamberect.com/2021/04/05/chamber-of-commerce-of-eastern-ct-annual-meeting-shares-member-stories-and-honors-essential-worker-heroes/,false,false,false,false,false,false,false,false,false,false,false,false,false,false,false,false,false
http://english.donga.com/srv/service.php3?biid=2005110338498,false,false,false,false,false,false,false,false,false,false,false,false,false,false,false,false,false
https://www.villagevoice.com/up-close-and-personal-with-rolling-stones/,false,false,false,false,false,false,false,false,false,false,false,false,false,false,false,false,false
https://www.baseball-almanac.com/players/player.php?p=alexaja01,false,false,false,false,false,false,false,false,false,false,false,false,false,false,false,false,false
http://www.rediff.com/movies/aug/02sush.htm,false,false,false,false,false,false,false,false,false,false,false,false,false,false,false,false,false
https://www.jleague.jp/,false,false,false,false,false,false,false,false,false,false,false,false,false,false,false,false,false
http://www.co.adams.id.us,false,false,false,false,false,false,false,false,false,false,false,false,false,false,false,false,false
https://www.procyclingstats.com/rider/meike-uiterwijk,false,false,false,false,false,false,false,false,false,false,false,false,false,false,false,false,false
https://www.echo-news.co.uk/news/local_news/19285358.results-southend-council-elections-2021/,false,false,false,false,false,false,false,false,false,false,false,false,false,false,false,false,false
http://www.zakliczyn.com/wioski/gwozdziec.php,false,false,false,false,false,false,false,false,false,false,false,false,false,false,false,false,false
https://actmedia.eu/daily/senate-adopts-declaration-regarding-violation-of-fundamental-human-rights-in-belarus/88439,false,false,false,false,false,false,false,false,false,false,false,false,false,false,false,false,false
https://sok.riksarkivet.se/Sbl/Mobil/Artikel/11862,false,false,false,false,false,false,false,false,false,false,false,false,false,false,false,false,false
https://www.straussart.co.za/2025/15-years-of-the-cassirer-welz-award-and-announcement-of-the-2025-award-winner,false,false,false,false,false,false,false,false,false,false,false,false,false,false,false,false,false
http://tasteofcountry.com/toby-keith-35-mph-town/,true,false,false,false,false,false,false,false,false,false,false,false,false,false,false,false,true
https://www.tribuneindia.com/news/archive/movie-review-carry-on-jatta-2-598515/,true,false,false,false,false,false,false,false,false,false,false,false,false,false,false,false,true
http://www.chessgames.com/perl/chessgame?gid=1507751,true,false,false,false,false,false,false,false,false,false,false,false,false,false,false,false,true
http://goodlift.info/records.php?fd=0&ac=6&sx=W&eq=1,false,false,false,false,false,false,false,false,false,false,false,false,false,false,false,false,false
http://www.ccel.org/s/smyth/grammar/html/smyth_1c_uni.htm#64,false,false,false,false,false,false,false,false,false,false,false,false,false,false,false,false,false
https://www.dac1904.sk/sk/clanek.asp?id=Helder-Cristovao-konci-v-DAC-5221,false,false,false,false,false,false,false,false,false,false,false,false,false,false,false,false,false
https://hiphopdx.com,true,false,false,false,false,false,false,false,false,false,false,false,false,false,false,true,false
https://lux.collections.yale.edu/view/place/46105900-e8d7-4215-bb80-6eadae1ad267,true,false,false,false,false,false,false,false,false,false,false,false,false,false,false,true,false
https://www.dyntaxa.se/taxon/info/4000026,true,false,false,false,false,false,false,false,false,false,false,false,false,false,false,true,false
http://www.flamengo.com.br/flapedia/Clube_Atlético_Carlos_Renaux,true,false,false,false,false,false,false,false,false,false,false,false,false,false,false,true,false
https://sightspinner.ai/blog/diesel-prices-are-high-here-s-why-they-might-go-higher-2026-09-29.html,true,false,false,false,false,false,false,false,false,false,false,false,false,false,false,true,false
https://www.tropicos.org/name/50063127,true,false,false,false,false,false,false,false,false,false,false,false,false,false,false,true,false
https://catalog.archives.gov/id/71998137,true,false,false,false,false,false,false,false,false,false,false,false,false,false,false,true,false
https://gwis.jrc.ec.europa.eu/apps/gwis.statistics/estimates/BRA/2025,true,false,false,false,false,false,false,false,false,false,false,false,false,false,false,true,false
https://www.ntfc.co.uk/news/2024/january/oxford_new_date/,true,false,false,false,false,false,false,false,false,false,false,false,false,false,false,true,false
"https://www.google.ca/maps/@50.983236,-113.9629383,7.5z",true,false,false,false,false,false,false,false,false,false,false,false,false,false,false,true,false
https://edits.nationalmap.gov/apps/gaz-domestic/public/search/names/468305,true,false,false,false,false,false,false,false,false,false,false,false,false,false,false,true,false
https://dbn.bn.org.pl/descriptor-details/9810686081305606,true,false,false,false,false,false,false,false,false,false,false,false,false,false,false,true,false
http://philpapers.org/profile/10378,true,false,false,true,false,false,false,false,false,false,false,false,false,true,false,false,false
https://www.hockeydb.com/ihdb/stats/pdisplay.php?pid=266386,true,false,false,true,false,false,false,false,false,false,false,false,false,true,false,false,false
https://bugguide.net/node/view/112011,true,false,false,true,false,false,false,false,false,false,false,false,false,true,false,false,false
https://www.brooklynvegan.com/small-brown-bike-guitarist-travis-dopp-has-passed-away/,true,false,false,true,false,false,false,false,false,false,false,false,false,true,false,false,false
https://www.sports-reference.com/olympics/athletes/la/chantal-lafon-1.html,true,false,false,true,false,false,false,false,false,false,false,false,false,true,false,false,false
https://insecta.pro/taxonomy/34741,true,false,false,true,false,false,false,false,false,false,false,false,false,false,false,false,false
https://chroniclingamerica.loc.gov/lccn/sn83032276/1858-02-25/ed-1/seq-4/#date1=1858&sort=date&date2=1858&words=Isaac+L+Wood&searchType=basic&sequence=0&index=2&state=&rows=20&proxtext=Isaac+L.+Wood&y=0&x=0&dateFilterType=yearRange&page=1,true,false,false,true,false,false,false,false,false,false,false,false,false,true,false,false,false
https://news.google.com/newspapers?id=8FQ1AAAAIBAJ&sjid=bSUMAAAAIBAJ&pg=2073%2C25195364,true,false,false,true,true,false,false,false,false,false,false,false,false,false,false,false,false
http://webarkiv.ft.dk/BAGGRUND/Biografier/Lisbeth_L_Petersen.htm,true,false,false,true,false,false,false,false,false,false,false,false,false,true,false,false,false
https://www.courtlistener.com/c/Cal.2d/70/522/,true,false,false,true,false,false,false,false,false,false,false,false,false,false,false,false,false
https://www.bdfutbol.com/en/j/j2818.html,true,false,false,true,false,false,false,false,false,false,false,false,false,true,false,false,false
https://biodiversitylibrary.org/page/58468236,true,false,false,true,false,false,false,false,false,false,false,false,false,true,false,false,false
https://www.bgee.org/gene/ENSMUSG00000035686,true,false,false,true,false,false,false,false,false,false,false,false,false,true,false,false,false
https://infochevaux.ifce.fr/fr/tony-m-Xq5YcuEVSt_pM_jLR_UyCw/infos-generales,true,false,false,true,false,false,false,false,false,false,false,false,false,false,false,false,false
http://www.canlii.org/en/bc/bcsc/doc/2009/2009bcsc1494/2009bcsc1494.html,true,false,false,true,false,false,false,false,false,false,false,false,false,true,false,false,false
https://www.inc.com/jason-aten/metas-new-muse-ai-agent-read-my-private-messages-i-never-asked-it-to/91408202,true,false,false,true,false,false,false,false,false,false,false,false,false,true,false,false,false
https://www.baseball-reference.com/players/c/crespce01.shtml,true,false,false,true,false,false,false,false,false,false,false,false,false,true,false,false,false
https://ew.com/article/2013/01/18/my-little-pony-friendship-is-magic-discord,true,false,false,true,false,false,false,false,false,false,false,false,false,true,false,false,false
https://www.cricinfo.com/ci/content/player/38845.html,true,false,false,true,false,false,false,false,false,false,false,false,false,true,false,false,false
https://www.football.org.il/en/players/player/?player_id=31008,true,false,false,true,false,false,false,false,false,false,false,false,false,true,false,false,false
http://www.urac.org,true,false,false,true,false,false,false,false,false,false,false,false,false,true,false,false,false
http://trademarks.justia.com/746/69/laekrits-74669510.html,true,false,false,true,false,false,false,false,false,false,false,false,false,true,false,false,false
https://www.familysearch.org/ark:/61903/1:1:N7WD-19H,true,false,false,true,false,false,false,false,false,false,false,false,false,true,false,false,false
https://ui.adsabs.harvard.edu/abs/1944AmJPh..12...19P,true,false,false,true,false,false,false,false,false,false,false,false,false,true,false,false,false
https://www.ascap.com/repertory#/ace/search/workID/930464992,true,false,false,false,false,false,false,false,false,false,false,false,false,true,false,false,false
https://clebertoledo.com.br/politica/filho-do-prefeito-de-araguaina-e-federal-mais-votado-tiago-dimas-fala-em-renovacao-de-ideias/,true,false,false,true,false,false,false,false,false,false,false,false,false,true,false,false,false
http://www.independent.ie/national-news/tubridy-rides-crest-of-airwaves-1538956.html,true,false,false,true,false,false,false,false,false,false,false,false,false,true,false,false,false
https://www.comics.org/series/2055,true,false,false,true,false,false,false,false,false,false,false,false,false,true,false,false,false
https://www.gbif.org/species/7682960,true,false,false,true,false,false,false,false,false,false,false,false,false,true,false,false,false
https://www.allmusic.com/artist/cristy-lane-mn0000128101/biography,true,false,false,true,false,false,false,false,false,false,false,false,false,true,false,false,false
https://datos.bne.es/resource/XX4983248,true,false,false,true,false,false,false,false,false,false,false,false,false,true,false,false,false
https://www.tsg-hoffenheim.de/aktuelles/news/2024/02/luka-hyrylaeinen-der-huene-aus-helsinki/,true,false,false,false,false,false,false,false,false,false,false,false,false,true,false,false,false
https://www.heritagedaily.com/2022/09/early-scottish-farmers-didnt-use-manure-to-fertilise-their-fields/144641,true,false,false,false,false,false,false,false,false,false,false,false,false,true,false,false,false
http://www.austlit.edu.au/austlit/page/C402255,true,false,false,true,false,false,false,false,false,false,false,false,false,true,false,false,false
https://eol.org/pages/17174531,true,false,false,true,false,false,false,false,false,false,false,false,false,true,false,false,false
http://www.regiments.org/regiments/uk/inf/114-794.htm,true,false,false,true,false,false,false,false,false,false,false,false,false,true,false,false,false
https://vgmdb.net/album/70176,true,false,false,true,false,false,false,false,false,false,false,false,false,true,false,false,false
https://pubmed.ncbi.nlm.nih.gov/19066576,true,false,false,true,false,false,false,false,false,false,false,false,false,false,false,false,false
http://www.comune.anoia.rc.it,true,false,false,false,false,false,false,false,false,false,false,false,false,true,false,false,false
http://content-uk.cricinfo.com/england/content/player/10138.html,true,false,false,true,false,false,false,false,false,false,false,false,false,true,false,false,false
http://www.aekfc.gr/newsdetails/pato-rontrigkes-gia-dyo-chronia-48082.htm?lang=en&path=-342558362,true,false,false,true,false,false,false,false,false,false,false,false,false,true,false,false,false
https://mapdata.ru/adigeya/shovgenovskiy-rayon/hutor-mihaylov/,true,false,false,false,false,false,false,false,false,false,false,false,false,true,false,false,false
https://tools.wmflabs.org/osm4wiki/cgi-bin/wiki/wiki-osm.pl?project=en&article=National_Register_of_Historic_Places_listings_in_Jeff_Davis_County%2C_Georgia,true,false,false,false,false,false,false,false,false,false,false,false,false,true,false,false,false
https://www.ed.nl/regio/eindhoven/vijf-miljoen-subsidie-voor-hoogleraren-tu-e-1.3930450,true,false,false,false,false,false,false,false,false,false,false,false,true,false,false,false,false
https://www.worldaquatics.com/competitions/4725/world-aquatics-championships-singapore-2025/www.worldaquatics.com/competitions/4725/world-aquatics-championships-singapore-2025/athletes,true,false,false,false,false,false,false,false,false,false,false,false,true,false,false,false,true
http://lige.kss.rs/2020/03/27/vanredno-stanje-prekid-takmicenja-kss/,true,false,false,false,false,false,false,false,false,false,false,false,true,false,false,false,false
https://www.ethnologue.com/18/language/lmv/,true,false,false,false,false,false,false,false,false,false,false,false,true,false,false,false,false
http://www.apbr.org/pcpbl.html,true,false,false,false,false,false,false,false,false,false,false,false,true,false,false,false,false
https://redirecter.toolforge.org/?url=https%3A%2F%2Fwww.deutschlandfunk.de%2Fstrafbefehl-gegen-ex-innenminister-caffier-rechtskraeftig-102.html,true,false,false,false,false,false,false,false,false,false,false,false,true,false,false,false,false
http://www.mma.es/portal/secciones/acm/aguas_marinas_litoral/guia_playas/cantabria/santa_cruz.htm,true,false,false,false,false,false,false,false,false,false,false,false,true,false,false,false,false
http://www.cm-soure.pt/freguesias-samuel.html,true,false,false,false,false,false,false,false,false,false,false,false,true,false,false,false,false
http://www.plantzafrica.com/plantqrs/schotialati.htm,true,false,false,false,false,false,false,false,false,false,false,false,true,false,false,false,false
http://business.avn.com/articles/Hustler-Taps-Axel-Braun-to-Direct-Avatar-390371.html,true,false,false,false,false,false,false,false,false,false,false,false,true,false,false,false,false
http://www.leipzig-online.de/thomanerchor/geschichte.html,true,false,false,false,false,false,false,false,false,false,false,false,true,false,false,false,false
http://www.okbu.edu/news/2006-01-26/clark-craig-tumbles-down,true,false,false,false,false,false,false,false,false,false,false,false,true,false,false,false,false
http://cornellsun.com/node/18567,true,false,false,false,false,false,false,false,false,false,false,false,true,false,false,false,false
https://www.census.gov/geo/www/tiger/tgrshp2007/tgrshp2007.html,true,false,false,false,false,false,false,false,false,false,false,false,true,false,false,false,false
http://www.wizards.com/default.asp?x=grandprix/standings/top8byplayer,true,false,false,false,false,false,false,false,false,false,false,false,true,false,false,false,false
http://www.wvcycling.com/en/race/49//2013/,true,false,false,false,false,false,false,false,false,false,false,false,true,false,false,false,false
http://www.sidneyluo.net/e/e6/118.htm,true,false,false,false,false,false,false,true,false,false,false,false,true,false,false,false,false
http://insects.tamu.edu/research/collection/hallan/Acari/Family/Phytoseiidae.txt,true,false,false,false,false,false,false,false,false,false,false,false,true,false,false,false,false
http://www.nippon-animation.co.jp/na/hunter/chara/chara_top.html,true,false,false,false,false,false,false,false,false,false,false,false,true,false,false,false,false
https://www.news-journal.com/man-accused-in-crimes-in-arkansas-texas-released-from-shelby-county-jail/article_f9cfd610-e5e3-5a1d-bc86-b178c1e6ba7c.html,true,false,false,false,false,false,false,false,false,false,false,false,true,false,false,false,true
https://www.sportstars.id/read/daftar-skuad-bulutangkis-indonesia-di-sea-games-2023-saatnya-yang-muda-unjuk-gigi-1Yr6M4,true,false,false,false,false,false,false,false,false,false,false,false,true,false,false,false,false
http://www.supersport.com/rugby/currie-cup/finals,true,false,false,false,false,false,false,false,false,false,false,false,true,false,false,false,false
https://sservi.nasa.gov/awards/niebur,true,false,false,false,false,false,false,false,false,false,false,false,true,false,false,true,false
http://www.flightglobal.com/pdfarchive/view/1981/1981%20-%203652.html,true,false,false,false,false,false,false,false,false,false,false,false,true,false,false,false,false
https://footballnsw.com.au/2008/07/21/ron-tilsed-the-final-chapter/,true,false,false,false,false,false,false,false,false,false,false,false,true,false,false,false,false
http://www.mk.gov.si/fileadmin/mk.gov.si/pageuploads/Ministrstvo/Podrocja/Preseren/dosedanji_nagrajenci/3_Nagrade_Presernovega_sklada_1962-2012.pdf,true,false,false,false,false,false,false,false,false,false,false,true,false,false,false,false,false
https://www.produ.com/noticias/alessandro-angulo-de-laberinto-producciones-mostramos-documentales-y-peliculas,true,false,false,false,false,false,false,false,false,false,false,false,true,false,false,false,false
http://www.mstateathletics.com/ViewArticle.dbml?SPSID=90891&SPID=10997&DB_OEM_ID=16800&ATCLID=944855&Q_SEASON=2007,true,false,false,false,false,false,false,false,false,false,false,false,true,false,false,false,false
https://www.bip.krakow.pl/plik.php?zid=106402&wer=0&new=t&mode=shw,true,false,true,false,false,false,false,false,false,false,false,false,false,false,false,false,false
https://wnus.usz.edu.pl/pzp/file/article/download/15828.pdf,true,false,true,false,false,false,false,false,false,false,false,false,false,false,false,false,false
http://db.ukrcensus.gov.ua/PXWEB2007/ukr/publ_new1/2022/zb_%D0%A1huselnist.pdf,true,false,true,false,false,false,false,false,false,false,false,false,false,false,false,false,false
https://www.judiciary.hk/doc/en/publications/jorcr_1997to2002.pdf,true,false,true,false,false,false,false,false,false,false,false,false,false,false,false,false,false
https://npgallery.nps.gov/NRHP/GetAsset/NRHP/82001324_photos,true,false,true,false,false,false,false,false,false,false,false,false,false,false,false,false,false
https://portals.iucn.org/library/sites/library/files/documents/2003-012-En.pdf,true,false,true,false,false,false,false,false,false,false,false,false,false,false,false,false,false
http://poland2014.fivb.org/en/competition/teams/KOR-United_States/team_roster,true,false,false,false,false,false,false,false,false,false,false,false,false,false,true,false,false
http://www.hakone-ekiden.jp/pdf/94_fukuro_list.pdf,true,false,false,false,false,false,false,false,false,false,false,false,false,false,true,false,false
https://www.publicnotice.co/p/trump-china-xi,true,false,false,false,false,false,false,false,false,true,false,false,false,false,false,false,false
https://eu.usatoday.com/story/news/politics/2026/09/28/supreme-court-justice-alito-recuse-climate-change-boulder-exxon/91991206007/,true,false,false,false,false,false,false,false,false,true,false,false,false,false,false,false,false
http://isna.ir/fa/news/92062918347/-%D9%85%D8%AC%D8%A7%D8%A8%DB%8C-%D9%85%D8%B9%D8%A7%D9%88%D9%86-%D8%B3%D8%A7%D8%B2%D9%85%D8%A7%D9%86-%D9%85%D8%AD%DB%8C%D8%B7-%D8%B2%DB%8C%D8%B3%D8%AA-%D8%B4%D8%AF,true,false,false,false,false,false,false,true,false,false,false,false,false,false,false,false,false
https://bwf.tournamentsoftware.com/sport/tournament?id=C98C5B04-7328-46CB-8927-F8CAB216903A,true,false,false,false,false,false,false,false,true,false,false,false,false,false,false,false,false
https://biocyc.org/META/substring-search?type=NIL&object=3.4.24.22,false,false,false,false,false,false,false,false,false,false,false,false,false,false,false,false,false
https://forebears.io/surnames/kindt,false,false,false,false,false,false,false,false,false,false,false,false,false,false,false,false,false
http://www.espncricinfo.com/ci/content/player/1048733.html,true,false,false,true,false,false,false,false,false,false,false,false,false,true,false,false,false
https://www.fchd.info/lghist/athen1978.htm,false,false,false,false,false,false,false,false,false,false,false,false,false,false,false,false,false
https://www.wrestlingdata.com/index.php?befehl=bios&wrestler=2197,true,false,false,true,false,false,false,false,false,false,false,false,false,true,false,false,false
http://www.bfs.admin.ch/bfs/portal/de/index/infothek/nomenklaturen/blank/blank/gem_liste/02.html,true,false,false,false,false,false,false,false,false,false,false,false,true,false,false,true,false
http://twente.ngv.nl/Documenten/TG-nr.%204-2008.pdf,true,false,false,false,false,false,false,false,false,false,false,false,true,false,false,false,false
https://www.sciencedirect.com/science/article/pii/S0899825613000481,true,false,false,true,false,false,false,false,false,false,false,false,false,true,false,false,false
http://crosscut.com/2015/10/park-service-comes-around-racist-name-must-go/,true,false,false,false,false,false,false,false,false,false,false,false,true,false,false,false,false
https://agupubs.onlinelibrary.wiley.com/doi/pdf/10.1029/97JB02605,true,false,false,true,false,false,false,false,false,false,false,false,false,true,false,false,false
https://www.richmond.com/archive/article_eff9bc46-15b0-581a-bb1e-c2964f4627e0.html,true,false,false,false,true,false,false,false,false,false,false,false,false,false,false,false,false
https://tucson.com/sports/local/icemen-rustlers-added-to-tucson-hockeys-checkered-past/article_de0f462d-37f1-539b-aa63-18671b447441.html,true,false,false,false,true,false,false,false,false,false,false,false,false,false,false,false,false
https://www.goupstate.com/story/news/2018/08/08/spartanburg-city-council-max-hyde-resigns-jamie-fulmer-announces-candidacy/11066685007/,true,false,false,false,false,false,false,false,false,true,false,false,false,false,false,false,false
http://www.jsonline.com/news/statepolitics/judge-wont-lift-her-stay-on-same-sex-marriages-in-wisconsin-b99309278z1-266778601.html,true,false,false,false,false,false,false,false,false,true,false,false,false,false,false,false,false
https://www.rootsweb.ancestry.com/~kymercer/CivilWar/Union/1inf/,true,false,false,false,false,false,false,false,false,false,false,false,false,true,false,false,false
http://www.parties-and-elections.de/poland.html,true,false,false,false,false,false,false,false,false,false,true,false,false,false,false,false,false
http://thesearenotrecords.com/releases.html,true,false,false,false,false,false,false,false,false,false,true,false,false,false,false,false,false
https://times.abema.tv/articles/-/10274975,false,false,false,false,false,false,false,false,false,false,false,false,false,false,false,false,false
https://note.com/rk611/n/n56e6db823eb1,true,false,false,false,false,false,false,false,false,false,false,false,false,false,false,false,true
https://posfie.com/@kalofollow/p/OiR2LBT,true,false,false,false,false,false,false,false,false,false,false,false,false,false,false,false,true
https://piyolog.hatenadiary.jp/entry/2026/09/28/214857,false,false,false,false,false,false,false,false,false,false,false,false,false,false,false,false,false
https://togetter.com/li/2751673,true,false,false,false,false,false,false,false,false,false,false,false,false,false,false,false,true
https://news.denfaminicogamer.jp/kikakuthetower/260925w,true,false,false,false,false,false,false,false,false,false,false,false,false,false,false,false,true
https://realsound.jp/movie/2026/09/post-2535498.html,false,false,false,false,false,false,false,false,false,false,false,false,false,false,false,false,false
https://syu-m-5151.hatenablog.com/entry/2026/09/27/120017,false,false,false,false,false,false,false,false,false,false,false,false,false,false,false,false,false
https://internet.watch.impress.co.jp/docs/special/2143427.html,true,false,false,false,false,false,false,false,false,false,false,false,false,false,false,false,true
https://zenn.dev/oukayuka/articles/15years-git-then-jujutsu,true,false,false,false,false,false,false,false,false,false,false,false,false,false,false,false,true
https://www.j-cast.com/2026/09/28518141.html?p=all,false,false,false,false,false,false,false,false,false,false,false,false,false,false,false,false,false
https://www.jiji.com/jc/article?k=2026092800818&#x26;g=eco,true,false,false,false,false,false,false,false,false,false,false,false,false,false,false,false,true
https://www.nipponrentacar.co.jp/info/202609.html,false,false,false,false,false,false,false,false,false,false,false,false,false,false,false,false,false
https://kids.yahoo.co.jp/info/archives/20260928_1.html,false,false,false,false,false,false,false,false,false,false,false,false,false,false,false,false,false
https://tech-blog.monotaro.com/entry/2026/09/29/090000,false,false,false,false,false,false,false,false,false,false,false,false,false,false,false,false,false
https://www.mlit.go.jp/jutakukentiku/house/jutakukentiku_house_tk3_000197.html,false,false,false,false,false,false,false,false,false,false,false,false,false,false,false,false,false
https://anond.hatelabo.jp/20260929093622,true,false,false,false,false,false,false,false,false,false,false,false,false,false,false,false,true
https://www.watch.impress.co.jp/docs/news/2143854.html,true,false,false,false,false,false,false,false,false,false,false,false,false,false,false,false,true
https://pc.watch.impress.co.jp/docs/topic/feature/2142551.html,true,false,false,false,false,false,false,false,false,false,false,false,false,false,false,false,true
https://game.watch.impress.co.jp/docs/topic/special/2142803.html,true,false,false,false,false,false,false,false,false,false,false,false,false,false,false,false,true
https://newsdig.tbs.co.jp/articles/-/2973210,true,false,false,false,false,false,false,false,false,false,false,false,false,false,false,false,true
https://www.a.u-tokyo.ac.jp/topics/topics_20260928-1.html,false,false,false,false,false,false,false,false,false,false,false,false,false,false,false,false,false
https://www.4gamer.net/games/883/G088337/20260924002/,true,false,false,false,false,false,false,false,false,false,false,false,false,false,false,false,true
https://www.e-aidem.com/ch/jimocoro/entry/iso08/,false,false,false,false,false,false,false,false,false,false,false,false,false,false,false,false,false
https://news.yahoo.co.jp/articles/14ba6db476455c7305f85a4432a27359e4691057,true,false,false,false,false,false,false,false,false,false,false,false,false,false,false,false,true
https://k-tai.watch.impress.co.jp/docs/column/minna/2143868.html,true,false,false,false,false,false,false,false,false,false,false,false,false,false,false,false,true
https://www.footballdatabase.eu/en/player/details/120991,false,false,false,false,false,false,false,false,false,false,false,false,false,false,false,false,false
http://www.airportpecs.hu/,false,false,false,false,false,false,false,false,false,false,false,false,false,false,false,false,false
https://www.taekwondodata.com/valeria-rodrigues-dos-santos.afci.html,false,false,false,false,false,false,false,false,false,false,false,false,false,false,false,false,false
http://www.geonames.org,false,false,false,false,false,false,false,false,false,false,false,false,false,false,false,false,false
https://thes.bncf.firenze.sbn.it/termine.php?id=3461,false,false,false,false,false,false,false,false,false,false,false,false,false,false,false,false,false
http://simbad.u-strasbg.fr/simbad/sim-id?Ident=NGC+5773,false,false,false,false,false,false,false,false,false,false,false,false,false,false,false,false,false
https://www.enciklopedija.hr/clanak/70179,false,false,false,false,false,false,false,false,false,false,false,false,false,false,false,false,false
https://www2.assemblee-nationale.fr/sycomore/fiche/(num_dept)/6898,false,false,false,false,false,false,false,false,false,false,false,false,false,false,false,false,false
https://ci.nii.ac.jp/ncid/BA3413115X,false,false,false,false,false,false,false,false,false,false,false,false,false,false,false,false,false
https://divany.hu/offline/2014/05/20/turo_rudik/,true,false,false,false,false,false,false,false,false,false,false,false,false,false,false,false,true
http://www.screenonline.org.uk/people/id/476796/,false,false,false,false,false,false,false,false,false,false,false,false,false,false,false,false,false
https://www.todotango.com/creadores/biografia/723/Joaquin-Mora/,false,false,false,false,false,false,false,false,false,false,false,false,false,false,false,false,false
https://gekkan-asakusa.com/kouenura-nomaguchi1/,false,false,false,false,false,false,false,false,false,false,false,false,false,false,false,false,false
http://www.ecologyasia.com/verts/snakes/equatorial_spitting_cobra.htm,false,false,false,false,false,false,false,false,false,false,false,false,false,false,false,false,false
https://www.psv.nl/nieuwspagina/artikel/nieuws-luuk-de-jong-stopt-als-international.htm,false,false,false,false,false,false,false,false,false,false,false,false,false,false,false,false,false
https://www.fashionmodeldirectory.com/models/anja_rubik/,false,false,false,false,false,false,false,false,false,false,false,false,false,false,false,false,false
http://mainichi.jp/mfa/history/069.html,false,false,false,false,false,false,false,false,false,false,false,false,false,false,false,false,false
https://npgsweb.ars-grin.gov/gringlobal/taxonomygenus.aspx?id=12775,false,false,false,false,false,false,false,false,false,false,false,false,false,false,false,false,false
https://www.getty.edu/vow/TGNFullDisplay?find=&place=&nation=&english=Y&subjectid=1041912,false,false,false,false,false,false,false,false,false,false,false,false,false,false,false,false,false
https://www.crash.net/le-mans/news/142099/1/virgo-scorch-to-nurburgring-win,true,false,false,false,false,false,false,false,false,false,false,false,false,false,false,false,true
http://www.infosport.ru/xml/t/fullinfo.xml?person=4071,false,false,false,false,false,false,false,false,false,false,false,false,false,false,false,false,false
https://overseas.mofa.go.kr/at-ko/index.do,false,false,false,false,false,false,false,false,false,false,false,false,false,false,false,false,false
http://info.nec.go.kr/,true,false,false,false,false,false,false,false,false,false,false,false,false,false,false,false,true
https://www.minorplanetcenter.net/db_search/show_object?object_id=16236,false,false,false,false,false,false,false,false,false,false,false,false,false,false,false,false,false
http://www.ipni.org/ipni/idPlantNameSearch.do?id=17507850-1,false,false,false,false,false,false,false,false,false,false,false,false,false,false,false,false,false
https://curia.europa.eu/jcms/jcms/Jo2_7014/,false,false,false,false,false,false,false,false,false,false,false,false,false,false,false,false,false
http://pionierpress.se/,false,false,false,false,false,false,false,false,false,false,false,false,false,false,false,false,false
http://delta-intkey.com/grass/www/agrostis.htm,false,false,false,false,false,false,false,false,false,false,false,false,false,false,false,false,false
https://www.themoviedb.org/person/1635447,false,false,false,false,false,false,false,false,false,false,false,false,false,false,false,false,false
https://www.animenewsnetwork.com/news/2017-11-15/seven-seas-licenses-riyoko-ikeda-claudine-manga/.124082,false,false,false,false,false,false,false,false,false,false,false,false,false,false,false,false,false
https://kataeb.org/articles/201-يوم-من-الشغور-الرئاسي-وقصر-بعبدا-ينتظر-سيده,false,false,false,false,false,false,false,false,false,false,false,false,false,false,false,false,false
https://chinese.spbu.ru/news-events/news/first-time-30-years-st-petersburg-university-archaeologists-conduct-excavations-old,false,false,false,false,false,false,false,false,false,false,false,false,false,false,false,false,false
https://www.yomiuri.co.jp/local/wakayama/feature/CO073716/20260929-GYTAT00038/,true,false,false,false,false,false,false,false,false,false,false,false,false,false,false,false,true
https://www.itmedia.co.jp/business/articles/2609/29/news019.html,true,false,false,false,false,false,false,false,false,false,false,false,false,false,false,false,true
https://www.tokyo-np.co.jp:443/tokyo/metropolitan/sizuoka?ref=gnb_pc_lv2,false,false,false,false,false,false,false,false,false,false,false,false,false,false,false,false,false
https://toyokeizai.net/sp/media/deloitte_cfo/,false,false,false,false,false,false,false,false,false,false,false,false,false,false,false,false,false
https://news.sina.com.cn/s/2026-09-26/doc-initefhy0370907.shtml,true,false,false,false,false,false,false,false,false,false,false,false,false,false,false,false,true
https://www.163.com/money/article/L4PTGFLD00258105.html?clickfrom=w_yw_cj,true,false,false,false,false,false,false,false,false,false,false,false,false,false,false,false,true
https://www.ifeng.com/,false,false,false,false,false,false,false,false,false,false,false,false,false,false,false,false,false
https://www.zaobao.com.sg/news/singapore/story20260928-9748870?ref=today-news-section-card-9,true,false,false,false,false,false,false,false,false,false,false,false,false,false,false,false,true
https://ltn.com.tw/,false,false,false,false,false,false,false,false,false,false,false,false,false,false,false,false,false
https://www.udn.com/,true,false,false,false,false,false,false,false,false,false,false,false,false,false,false,false,true
https://www.hk01.com/zone/7/%E7%86%B1%E8%A9%B1,false,false,false,false,false,false,false,false,false,false,false,false,false,false,false,false,false
https://www.xinhuanet.com/20260929/f40b8ba2e30c41de8b9918a1bbba93cb/c.html,true,false,false,false,false,false,false,false,false,false,false,false,false,false,false,false,true
http://www.people.com.cn/n/2013/1227/c373005-23961344.html,true,false,false,false,false,false,false,false,false,false,false,false,false,false,false,false,true
https://www.cna.com.tw/news/aloc/202609200099.aspx,false,false,false,false,false,false,false,false,false,false,false,false,false,false,false,false,false
https://www.lefigaro.fr/newsletters/art-de-vivre/8df99a68-2c2b-11e8-a7df-a0369fee8a80,false,false,false,false,false,false,false,false,false,false,false,false,false,false,false,false,false
https://www.20minutes.fr/planete/environnement/,false,false,false,false,false,false,false,false,false,false,false,false,false,false,false,false,false
https://www.franceinfo.fr/replay-radio/le-choix-franceinfo/reportage-je-dois-gagner-30-ou-40-euros-par-plein-face-a-la-flambee-des-carburants-les-francais-se-ruent-en-andorre-pour-faire-le-plein_8171429.html,true,false,false,false,false,false,false,false,false,false,false,false,false,false,false,false,true
https://www.rts.ch/info/suisse/2026/article/bilaterales-iii-le-conseil-des-etats-ouvre-le-debat-29370150.html,true,false,false,false,false,false,false,false,false,false,false,false,false,false,false,false,true
https://www.lapresse.ca/actualites/justice-et-faits-divers/2026-09-23/meurtre-a-montreal/une-femme-tuee-pendant-une-reunion-virtuelle.php,false,false,false,false,false,false,false,false,false,false,false,false,false,false,false,false,false
https://www.rfi.fr/en/archives/2023/01/,false,false,false,false,false,false,false,false,false,false,false,false,false,false,false,false,false
https://www.elmundo.es/deportes/futbol/primera-division.html,false,false,false,false,false,false,false,false,false,false,false,false,false,false,false,false,false
https://www.clarin.com/suscripciones/landing.html,false,false,false,false,false,false,false,false,false,false,false,false,false,false,false,false,false
https://www.eltiempo.com/podcast/el-cafe-de-hoy/los-hechos-que-seran-noticia-en-colombia-y-el-mundo-esta-semana-3589394,true,false,false,false,false,false,false,false,false,false,false,false,false,false,false,false,true
https://www.eluniversal.com.mx:443/opinion/irene-levy/,false,false,false,false,false,false,false,false,false,false,false,false,false,false,false,false,false
https://www.infobae.com/estados-unidos/2026/09/28/trump-cuestiono-la-liberacion-de-los-detenidos-cerca-de-una-base-de-estados-unido-en-reino-unido-no-lo-hubiese-hecho/,true,false,false,false,false,false,false,false,false,false,false,false,false,false,false,false,true
https://elcomercio.pe/provecho/cafe-peruano-variedades-cafeterias-lima-especdis-noticia/,false,false,false,false,false,false,false,false,false,false,false,false,false,false,false,false,false
https://www.20minutos.es/gente/joaquin-cortes-cuenta-como-michael-jackson-le-pidio-que-le-ensenara-pasos-flamenco-para-sus-videoclips_7042304_0.html,false,false,false,false,false,false,false,false,false,false,false,false,false,false,false,false,false
https://www.lavanguardia.com/ciencia/20260928/11645928/spacex-pone-orbita-terrestre-primera-vez-starship-decimocuarta-prueba.html,false,false,false,false,false,false,false,false,false,false,false,false,false,false,false,false,false
https://www.youm7.com/story/2026/9/29/ابدأ-بنفسك-تجنب-وهم-اليقين-المصطنع-وحدود-الادعاء-وخداع-الإلقاء/7561192,false,false,false,false,false,false,false,false,false,false,false,false,false,false,false,false,false
https://www.masrawy.com/crossmedia/SyrianFemalePrisoners/,false,false,false,false,false,false,false,false,false,false,false,false,false,false,false,false,false
https://www.almasryalyoum.com/news/details/4367139,true,false,false,false,false,false,false,false,false,false,false,false,false,false,false,false,true
https://www.annahar.com/sports/352212/بث-مباشر-لمباراة-تونس-ضد-بوتسوانا-في-تصفيات-كأس-أمم-أفريقيا,false,false,false,false,false,false,false,false,false,false,false,false,false,false,false,false,false
https://www.hani.co.kr/arti/politics/politics_general/1279833.html,true,false,false,false,false,false,false,false,false,false,false,false,false,false,false,false,true
https://www.yna.co.kr/industry/heavy-chemistry,true,false,false,false,false,false,false,false,false,false,false,false,false,false,false,false,true
https://ria.ru/20260927/gaz-2120252778.html,true,false,false,false,false,false,false,false,false,false,false,false,false,false,false,false,true
https://www.kommersant.ru/specials/interactive?from=multimedia,false,false,false,false,false,false,false,false,false,false,false,false,false,false,false,false,false
https://lenta.ru/articles/2026/09/20/tribunal/,false,false,false,false,false,false,false,false,false,false,false,false,false,false,false,false,false
https://www.bhaskar.com/local/bihar/news/bihar-hospital-child-trafficking-racket-exposed-investigation-139173509.html,false,false,false,false,false,false,false,false,false,false,false,false,false,false,false,false,false
https://www.amarujala.com/entertainment/bollywood,true,false,false,false,false,false,false,false,false,false,false,false,false,false,false,false,true
https://g1.globo.com/mg/vales-mg/eobicho/,false,false,false,false,false,false,false,false,false,false,false,false,false,false,false,false,false
https://www.zeit.de/feuilleton/musik/index,false,false,false,false,false,false,false,false,false,false,false,false,false,false,false,false,false
https://www.faz.net/aktuell/gesellschaft/ungluecke/,false,false,false,false,false,false,false,false,false,false,false,false,false,false,false,false,false
https://www.repubblica.it/cronaca/2026/09/28/news/spritz_venezia_truffa_bar_sequestri-425612504/?ref=-BH-I0-P-S1-F,true,false,false,false,false,false,false,false,false,false,false,false,false,false,false,false,true
https://www.hurriyet.com.tr/bilgi/galeri/fatma-betul-sayan-kaya-kimdir-kac-yasinda-nereli-ak-parti-genel-baskan-yardimcisi-fatma-betul-sayan-kaya-istifa-mi-etti-iste-dr-43320779,false,false,false,false,false,false,false,false,false,false,false,false,false,false,false,false,false
https://www.sozcu.com.tr/hukuk/musteri-aydinlatma-metni,false,false,false,false,false,false,false,false,false,false,false,false,false,false,false,false,false
https://www.hamshahrionline.ir/service/world/africa,false,false,false,false,false,false,false,false,false,false,false,false,false,false,false,false,false
https://www.kompas.com/tag/living-assistance?source=home,true,false,false,false,false,false,false,false,false,false,false,false,true,false,false,false,false
https://www.detik.com/sumbagsel/berita/d-8682602/karhutla-di-way-kambas-bpbd-lampung-jajaki-operasi-modifikasi-cuaca,true,false,false,false,false,false,false,false,false,false,false,false,false,false,false,false,true
https://vnexpress.net/tac-gia/khoi-mai-3251.html,true,false,false,false,false,false,false,false,false,false,false,false,false,false,false,false,true
https://tuoitre.vn/suc-khoe/phong-mach.htm,true,false,false,false,false,false,false,false,false,false,false,false,false,false,false,false,true
https://www.thairath.co.th/news/politic/2962726,true,false,false,false,false,false,false,false,false,false,false,false,false,false,false,false,true
"https://wyborcza.pl/podcast/0,190670.html",false,false,false,false,false,false,false,false,false,false,false,false,false,false,false,false,false
https://www.ynet.co.il/entertainment/article/yokra14905344,false,false,false,false,false,false,false,false,false,false,false,false,false,false,false,false,false
https://www.mwananchi.co.tz/mw/habari/biashara/walichosema-machinga-ubungo-saa-24-kabla-ya-kuondoshwa-kwa-lazima-5612656,false,false,false,false,false,false,false,false,false,false,false,false,false,false,false,false,false
https://www.pravda.com.ua/projects/2026/04/07/8028960/,false,false,false,false,false,false,false,false,false,false,false,false,false,false,false,false,false
https://www.ukrinform.ua/rubric-regions/4168958-ataki-na-kiiv-odna-zagibla-kilkist-postrazdalih-zrosla-do-24-sered-nih-troe-ditej.html,true,false,false,false,false,false,false,false,false,false,false,false,false,false,false,false,true
https://www.kathimerini.gr/politics/amyna/564486547/enallaktikes-gia-toys-s-400-kai-ta-f-35-exetazei-i-toyrkia/,true,false,false,false,false,false,false,false,false,false,false,false,false,false,false,false,true
https://www.nu.nl/videos/nieuwsvideo-test-verticaal?videoId=330677,false,false,false,false,false,false,false,false,false,false,false,false,false,false,false,false,false
https://nos.nl/regio/zh-rijnmond/artikel/804247-na-de-uitzendingen-van-b-and-b-vol-liefde-vindt-caroline-alsnog-de-liefde-bij-arie-een-hele-lieve-man,false,false,false,false,false,false,false,false,false,false,false,false,false,false,false,false,false
https://www.dn.se/om/kriget-i-ukraina/,false,false,false,false,false,false,false,false,false,false,false,false,false,false,false,false,false
https://www.aftonbladet.se/a/zpKAO/om-sportbladet,false,false,false,false,false,false,false,false,false,false,false,false,false,false,false,false,false
https://punchng.com/when-nigerians-become-numb-to-death/,false,false,false,false,false,false,false,false,false,false,false,false,false,false,false,false,false
https://www.news24.com/sport/rugby/springboks/,false,false,false,false,false,false,false,false,false,false,false,false,false,false,false,false,false
https://www.rappler.com/topic/the-green-report-podcast/,false,false,false,false,false,false,false,false,false,false,false,false,false,false,false,false,false
https://www.dawn.com/news/2033275/etihad-town-sialkot-delivers-possession-ahead-of-time,false,false,false,false,false,false,false,false,false,false,false,false,false,false,false,false,false
https://www.prothomalo.com/bangladesh/capital/odlvp0f6yg,true,false,false,false,false,false,false,false,false,false,false,false,false,false,false,false,true
"https://maps.google.com/maps?ll=49.9514,85.7833&q=49.9514,85.7833&spn=0.1,0.1&t=h&hl=ru",true,false,false,false,false,false,false,false,false,false,false,false,false,false,false,true,false
https://newslibrary.naver.com/viewer/index.naver?articleId=1979101700239106023&editNo=1&printCount=1&publishDate=1979-10-17&officeId=00023&pageNo=6&printNo=18006&publishType=00010,true,false,false,false,false,false,false,false,false,false,false,false,false,false,false,true,false
http://maps.google.co.in/maps?safe=off&q=%22%E0%A4%95%E0%A5%8D%E0%A4%B5%E0%A5%80%E0%A4%B0%E0%A4%BE%E0%A4%B2%E0%A5%80-%E0%A4%B8%E0%A5%88%E0%A4%82%E0%A4%A7%E0%A4%BE%E0%A4%B0%2C+%E0%A4%9A%E0%A5%8C%E0%A4%AC%E0%A4%9F%E0%A4%BE%E0%A4%96%E0%A4%BE%E0%A4%B2+%E0%A4%A4%E0%A4%B9%E0%A4%B8%E0%A5%80%E0%A4%B2%22+%22%5B%5B%E0%A4%89%E0%A4%A4%E0%A5%8D%E0%A4%A4%E0%A4%B0%E0%A4%BE%E0%A4%96%E0%A4%A3%E0%A5%8D%E0%A4%A1%5D%5D%22,true,false,false,false,false,false,false,false,false,false,false,false,false,false,false,true,false
https://dlib.jp/?q=%22%E3%83%B4%E3%82%A3%E3%83%BC%E3%82%BC%E3%83%AB%22+%E7%A9%BA%E6%8C%BA%E6%88%A6%E9%97%98%E8%BB%8A,true,false,false,false,false,false,false,false,false,false,false,false,false,false,false,true,false
https://www.futabasha.co.jp/book/97845758419540000000?type=1,true,false,false,false,false,false,false,false,false,false,false,false,false,false,false,true,false
https://www.aljazeera.net/news/liveblog/2026/9/29/إيران-مباشر-محادثات-عبر-وسطاء-بين?update=9855397,true,false,false,false,false,false,false,false,false,false,false,false,false,false,false,false,true
https://www.skynewsarabia.com/video/1894834-العراق-يبحث-ممرات-بديلة-للطاقة-بعيدا-مضيق-هرمز,true,false,false,false,false,false,false,false,false,false,false,false,false,false,false,true,false
https://www.chosun.com/national/regional/2026/09/29/MAAAFJVSQBFNDNJXQIHGZXRCYI/,true,false,false,false,false,false,false,false,false,false,false,false,false,false,false,true,false
https://snaccooperative.org/ark:/99166/w6bp0f23,true,false,false,true,false,false,false,false,false,false,false,false,false,false,false,false,false
http://data.europeana.eu/agent/base/156425,true,false,false,true,false,false,false,false,false,false,false,false,false,true,false,false,false
https://archive.today/20130409152517/http://es.fifa.com/worldcup/archive/southafrica2010/preliminaries/asia/matches/round=250436/match=300036544/report.html,true,false,false,true,true,false,false,false,false,false,false,false,false,false,false,false,false
https://www.universeguide.com/star/85667/gliese678,true,false,false,true,false,false,false,false,false,false,false,false,false,true,false,false,false
https://inaturalist.org/taxa/940478,true,false,false,true,false,false,false,false,false,false,false,false,false,true,false,false,false
https://structurae.net/structures/20052658,true,false,false,true,false,false,false,false,false,false,false,false,false,true,false,false,false
http://digitallibrary.amnh.org/dspace/handle/2246/6155,true,false,false,true,false,false,false,false,false,false,false,false,false,false,false,false,false
http://www.bncatalogo.cl/F/?func=direct&local_base=bnc10&doc_number=000064999,true,false,false,true,false,false,false,false,false,false,false,false,false,false,false,false,false
http://hemerotecadigital.bne.es/issue.vm?id=0029783789&page=5,true,false,false,true,false,false,false,false,false,false,false,false,false,true,false,false,false
https://waarnemingen.be/species/10022/maps/,true,false,false,true,false,false,false,false,false,false,false,false,false,false,false,false,false
https://powo.science.kew.org/?name_id=204433,true,false,false,true,false,false,false,false,false,false,false,false,false,true,false,false,false
https://www.aanda.org/articles/aa/full/2009/02/aa10557-08/aa10557-08.html,true,false,false,true,false,false,false,false,false,false,false,false,false,true,false,false,false
https://www.themarker.com/0000018c-c96e-ddba-abad-cbef4de50000,true,false,false,false,false,false,false,false,false,false,false,false,false,true,false,false,false
http://www.euroleague.net/news/i/7yh6g8r6k6h6uvl7/valencia-signs-high-flying-big-man-williams,true,false,false,true,true,false,false,false,false,false,false,false,false,false,false,false,false
https://rationalwiki.org/wiki/The_Divine_Comedy,true,false,false,true,false,false,false,false,false,false,false,false,false,false,true,false,false
https://ieeexplore.ieee.org/document/9262118,true,false,false,true,false,false,false,false,false,false,false,false,false,false,false,false,false
http://www.comune.torelladeilombardi.av.it/,true,false,false,true,false,false,false,false,false,false,false,false,false,true,false,false,false
https://www.thepaper.cn/,true,false,false,false,false,false,false,false,false,false,false,false,false,true,false,false,false
https://www.liberation.fr/,true,false,false,true,false,false,false,false,false,false,false,false,false,true,false,false,false
https://www.lesechos.fr/,true,false,false,true,false,false,false,false,false,false,false,false,false,true,false,false,false
https://www.ouest-france.fr/,true,false,false,true,false,false,false,false,false,false,false,false,false,true,false,false,false
https://www.alarabiya.net/,true,false,false,true,false,false,false,false,false,false,false,false,false,true,false,false,false
https://alquds.co.uk/,true,false,false,true,false,false,false,false,false,false,false,false,false,true,false,false,false
https://www.publico.pt/,true,false,false,true,false,false,false,false,false,false,false,false,false,true,false,false,false
https://estadao.com.br/,true,false,false,true,false,false,false,false,false,false,false,false,false,true,false,false,false
https://haaretz.co.il/,true,false,false,false,false,false,false,false,false,false,false,false,false,true,false,false,false
https://www.nation.africa/,true,false,false,true,false,false,false,false,false,false,false,false,false,true,false,false,false
https://www.kooora.com/?player=32549&mode=,true,false,false,false,false,false,false,false,false,false,false,false,true,false,false,false,false
https://nigerdiaspora.net/index.php/culture-archives/item/40849-3%C3%A8me-%C3%A9dition-du-festival-pripalo-%C3%A0-niamey--plusieurs-spectacles-en-plein-air-au-programme-du-14-au-16-d%C3%A9cembre,true,false,false,false,false,false,false,false,false,false,false,false,true,false,false,false,false
https://jewsencyclopedia.com/index.php/%D0%94%D1%80%D0%BE%D1%85%D0%B8%D1%87%D0%B8%D0%BD,true,false,false,false,false,false,false,false,false,false,false,false,true,false,false,false,false
http://y.saoju.net/szzj/album/367/,true,false,false,false,false,false,false,false,false,false,false,false,true,false,false,false,false
http://www.aveleyman.com/ActorCredit.aspx?ActorID=13332,true,false,false,false,false,false,false,false,false,false,false,false,true,false,false,false,false
http://asne.org/content.asp?pl=24&sl=171&contentid=171,true,false,false,false,false,false,false,false,false,false,false,false,true,false,false,false,false
https://www.alabonneplanchette.fr/blog/news/tout-ce-qu-il-faut-savoir-sur-les-roues-de-skate-,true,false,false,false,false,false,false,false,false,false,false,false,true,false,false,false,false
https://eapsweb.mit.edu/people/rpb,true,false,false,false,false,false,false,false,false,false,false,false,true,false,false,false,false
https://www.insidenova.com/sports/liberty-district-changes-history/article_abc123.html,true,false,false,false,true,false,false,false,false,false,false,false,false,false,false,false,false
https://www.jeuneafrique.com/,true,false,false,false,true,false,false,false,false,false,false,false,false,false,false,false,false
http://oldredlist.iucnredlist.org/details/132899/0,true,false,false,false,false,false,false,false,false,false,false,false,false,false,true,false,false
https://planetarynames.wr.usgs.gov/Feature/246;jsessionid=EC8E026CDBCCBD100A1F2C66E406F040,true,false,false,false,false,false,false,false,false,false,false,false,false,false,true,false,false
https://iho.int/uploads/user/pubs/standards/s-23/S-23_Ed3_1953_FR.pdf,true,false,true,false,false,false,false,false,false,false,false,false,false,false,false,false,false
http://elbib.nbchr.ru/lib_files/0/ichk_0_0000150.pdf,true,false,true,false,false,false,false,false,false,false,false,false,false,false,false,false,false
https://www.data.gouv.fr/fr/datasets/r/2876a346-d50c-4911-934e-19ee07b0e503,true,false,true,false,false,false,false,false,false,false,false,false,false,false,false,false,false
https://www.weatherbase.com/weather/weather.php3?s=600594&cityname=Chuzhou-China,true,false,false,false,false,false,false,false,true,false,false,false,false,true,false,false,false
https://www.nikkei.com/article/DGXZQOCC272US0X20C26A9000000/,true,false,false,false,false,false,false,false,false,true,false,false,false,false,false,false,false
https://www.sueddeutsche.de/magazin/liebe-und-partnerschaft/orgasmus-gap-frauen-sex-orgasmus-maenner-li.3547468,true,false,false,false,false,false,false,false,false,true,false,false,false,false,false,false,false
http://www.yemenna.com/,true,false,false,false,false,false,false,true,false,false,true,false,false,false,false,false,false
http://www.winternet.com/~chuckg/dictionary/dictionary.7.html,true,false,false,false,false,false,false,true,false,false,false,false,false,false,false,false,false
https://www.sankei.com/special/campaign2025_04-06/,true,false,false,false,false,false,false,true,false,false,false,false,false,false,false,false,false
https://beget.ru/,false,false,false,false,false,false,false,false,false,false,false,false,false,false,false,false,false
https://appcenter.ms/,false,false,false,false,false,false,false,false,false,false,false,false,false,false,false,false,false
https://cornell.edu/,false,false,false,false,false,false,false,false,false,false,false,false,false,false,false,false,false
https://afternic.com/,false,false,false,false,false,false,false,false,false,false,false,false,false,false,false,false,false
https://ubuntu.com/,true,false,false,false,false,false,false,false,false,false,false,false,false,false,false,false,true
https://googledomains.com/,false,false,false,false,false,false,false,false,false,false,false,false,false,false,false,false,false
https://att.com/,false,false,false,false,false,false,false,false,false,false,false,false,false,false,false,false,false
https://agora.io/,false,false,false,false,false,false,false,false,false,false,false,false,false,false,false,false,false
https://uol.com.br/,true,false,false,false,false,false,false,false,false,false,false,false,false,false,false,false,true
https://no-ip.com/,false,false,false,false,false,false,false,false,false,false,false,false,false,false,false,false,false
https://imo.im/,false,false,false,false,false,false,false,false,false,false,false,false,false,false,false,false,false
https://aylanetworks.com/,false,false,false,false,false,false,false,false,false,false,false,false,false,false,false,false,false
https://tenjin.com/,false,false,false,false,false,false,false,false,false,false,false,false,false,false,false,false,false
https://drpc.org/,false,false,false,false,false,false,false,false,false,false,false,false,false,false,false,false,false
https://military.com/,false,false,false,false,false,false,false,false,false,false,false,false,false,false,false,false,false
https://moneta.ru/,false,false,false,false,false,false,false,false,false,false,false,false,false,false,false,false,false
https://paysafecard.com/,false,false,false,false,false,false,false,false,false,false,false,false,false,false,false,false,false
https://draugas.lt/,false,false,false,false,false,false,false,false,false,false,false,false,false,false,false,false,false
https://fastdl.app/,false,false,false,false,false,false,false,false,false,false,false,false,false,false,false,false,false
https://aeolservice.es/,false,false,false,false,false,false,false,false,false,false,false,false,false,false,false,false,false
https://coingecko.com/,true,false,false,false,false,false,false,false,false,false,false,false,false,false,false,false,true
https://heute.at/,true,false,false,false,false,false,false,false,false,false,false,false,false,false,false,false,true
https://yasexu.pro/,false,false,false,false,false,false,false,false,false,false,false,false,false,false,false,false,false
https://signifyd.com/,false,false,false,false,false,false,false,false,false,false,false,false,false,false,false,false,false
https://picsart.com/,false,false,false,false,false,false,false,false,false,false,false,false,false,false,false,false,false
https://aaa.com/,false,false,false,false,false,false,false,false,false,false,false,false,false,false,false,false,false
https://xosominhngoc.com/,false,false,false,false,false,false,false,false,false,false,false,false,false,false,false,false,false
https://betterup.com/,false,false,false,false,false,false,false,false,false,false,false,false,false,false,false,false,false
https://pubeasy.io/,false,false,false,false,false,false,false,false,false,false,false,false,false,false,false,false,false
https://goarmy.com/,false,false,false,false,false,false,false,false,false,false,false,false,false,false,false,false,false
https://versia.ru/,false,false,false,false,false,false,false,false,false,false,false,false,false,false,false,false,false
https://etton.ru/,false,false,false,false,false,false,false,false,false,false,false,false,false,false,false,false,false
https://indiatv.in/,true,false,false,false,false,false,false,false,false,false,false,false,false,false,false,false,true
https://strada.tech/,false,false,false,false,false,false,false,false,false,false,false,false,false,false,false,false,false
https://alexissaddler.com/,true,false,false,false,false,false,false,false,false,false,false,false,false,false,false,false,true
https://promptemr.com/,false,false,false,false,false,false,false,false,false,false,false,false,false,false,false,false,false
https://bancocajasocial.com/,false,false,false,false,false,false,false,false,false,false,false,false,false,false,false,false,false
https://gukjenews.com/,false,false,false,false,false,false,false,false,false,false,false,false,false,false,false,false,false
https://wondershare.cc/,false,false,false,false,false,false,false,false,false,false,false,false,false,false,false,false,false
https://industriemagazin.at/,true,false,false,false,false,false,false,false,false,false,false,false,false,false,false,false,true
https://careerist.ru/,false,false,false,false,false,false,false,false,false,false,false,false,false,false,false,false,false
https://redalyc.org/,true,false,false,false,false,false,false,false,false,false,false,false,false,false,false,false,true
https://intellecap.com/,false,false,false,false,false,false,false,false,false,false,false,false,false,false,false,false,false
https://107royalsensa.com/,false,false,false,false,false,false,false,false,false,false,false,false,false,false,false,false,false
https://lacoste.co.za/,false,false,false,false,false,false,false,false,false,false,false,false,false,false,false,false,false
https://arbfonts.com/,false,false,false,false,false,false,false,false,false,false,false,false,false,false,false,false,false
https://upb.edu.co/,false,false,false,false,false,false,false,false,false,false,false,false,false,false,false,false,false
https://madarsoft.com/,true,false,false,false,false,false,false,false,false,false,false,false,false,false,false,false,true
https://notebookcheck.org/,false,false,false,false,false,false,false,false,false,false,false,false,false,false,false,false,false
https://jamesavery.com/,false,false,false,false,false,false,false,false,false,false,false,false,false,false,false,false,false
https://focusvision.com/,false,false,false,false,false,false,false,false,false,false,false,false,false,false,false,false,false
https://ksml.fi/,true,false,false,false,false,false,false,false,false,false,false,false,false,false,false,false,true
https://republikbobotoh.com/,false,false,false,false,false,false,false,false,false,false,false,false,false,false,false,false,false
https://fastfiles.lol/,false,false,false,false,false,false,false,false,false,false,false,false,false,false,false,false,false
https://vonbriesen.ca/,false,false,false,false,false,false,false,false,false,false,false,false,false,false,false,false,false
https://wheelersoffroad.com/,false,false,false,false,false,false,false,false,false,false,false,false,false,false,false,false,false
https://schlafenwelt.de/,true,false,false,false,false,false,false,false,false,false,false,false,false,false,false,false,true
https://transharder.com/,false,false,false,false,false,false,false,false,false,false,false,false,false,false,false,false,false
https://bradtguides.com/,false,false,false,false,false,false,false,false,false,false,false,false,false,false,false,false,false
https://jomblo.org/,false,false,false,false,false,false,false,false,false,false,false,false,false,false,false,false,false
https://terraslotsgroup.nl/,false,false,false,false,false,false,false,false,false,false,false,false,false,false,false,false,false
https://sonalytic.com/,false,false,false,false,false,false,false,false,false,false,false,false,false,false,false,false,false
https://sgspu.ru/,false,false,false,false,false,false,false,false,false,false,false,false,false,false,false,false,false
https://descubrapg.com.br/,false,false,false,false,false,false,false,false,false,false,false,false,false,false,false,false,false
https://vitalventure.nl/,true,false,false,false,false,false,false,false,false,false,false,false,false,false,false,false,true
https://courson.xyz/,false,false,false,false,false,false,false,false,false,false,false,false,false,false,false,false,false
https://captrust.com/,false,false,false,false,false,false,false,false,false,false,false,false,false,false,false,false,false
https://cloudli.com/,false,false,false,false,false,false,false,false,false,false,false,false,false,false,false,false,false
https://wayangv3.xyz/,false,false,false,false,false,false,false,false,false,false,false,false,false,false,false,false,false
https://freever.ua/,false,false,false,false,false,false,false,false,false,false,false,false,false,false,false,false,false
https://londoncasinoservice.uk/,true,false,false,false,false,false,false,false,false,false,false,false,false,false,false,false,true
https://piln.co.id/,false,false,false,false,false,false,false,false,false,false,false,false,false,false,false,false,false
https://virenial.com/,false,false,false,false,false,false,false,false,false,false,false,false,false,false,false,false,false
https://imusic.sg/,false,false,false,false,false,false,false,false,false,false,false,false,false,false,false,false,false
https://clausiuspress.com/,false,false,false,false,false,false,false,false,false,false,false,false,false,false,false,false,false
https://wellingtonnz.com/,false,false,false,false,false,false,false,false,false,false,false,false,false,false,false,false,false
https://hellotoby.com/,false,false,false,false,false,false,false,false,false,false,false,false,false,false,false,false,false
https://polarpro.com/,false,false,false,false,false,false,false,false,false,false,false,false,false,false,false,false,false
https://kkslotswin.com/,true,false,false,false,false,false,false,false,false,false,false,false,false,false,false,false,true
https://securitas.es/,false,false,false,false,false,false,false,false,false,false,false,false,false,false,false,false,false
https://belvilla.com/,false,false,false,false,false,false,false,false,false,false,false,false,false,false,false,false,false
https://hoost.com.br/,false,false,false,false,false,false,false,false,false,false,false,false,false,false,false,false,false
https://virenial.com/koreksi-berita,false,false,false,false,false,false,false,false,false,false,false,false,false,false,false,false,false
https://www.military.com/topics/entertainment,true,false,false,false,false,false,false,false,false,false,false,false,false,false,false,false,true
https://www.descubrapg.com.br/experimente-gratis-gillette,false,false,false,false,false,false,false,false,false,false,false,false,false,false,false,false,false
https://www.captrust.com/solutions/retirement-plan-sponsors/nonprofits/,false,false,false,false,false,false,false,false,false,false,false,false,false,false,false,false,false
https://www.signifyd.com:443/industries/electronics/,false,false,false,false,false,false,false,false,false,false,false,false,false,false,false,false,false
https://www.heute.at/s/-dann-werden-die-extremen-an-die-macht-kommen-120258273,true,false,false,false,false,false,false,false,false,false,false,false,false,false,false,false,true
https://fastfiles.lol/how-it-works.html,false,false,false,false,false,false,false,false,false,false,false,false,false,false,false,false,false
https://arbfonts.com/bundles/%d8%ae%d8%b7%d9%88%d8%b7-%d8%b9%d8%b1%d8%a8%d9%8a%d8%a9-%d9%84%d9%84%d8%b1%d8%a7%d8%a8-%d9%88%d8%a7%d9%84%d9%87%d9%8a%d8%a8-%d9%87%d9%88%d8%a8,false,false,false,false,false,false,false,false,false,false,false,false,false,false,false,false,false
https://portal.upb.edu.co/apoyo-financiero/becas-estudiantes,false,false,false,false,false,false,false,false,false,false,false,false,false,false,false,false,false
https://www.forsta.com/industry/retail/,true,false,false,false,false,false,false,false,false,false,false,false,false,false,false,false,true
https://etton.ru/case/proslejivaemost,false,false,false,false,false,false,false,false,false,false,false,false,false,false,false,false,false
https://www.prompthealth.com/products/sidekick,false,false,false,false,false,false,false,false,false,false,false,false,false,false,false,false,false
https://www.cornell.edu/academics/colleges.cfm,false,false,false,false,false,false,false,false,false,false,false,false,false,false,false,false,false
https://beget.com/ru/dedicated-servers,false,false,false,false,false,false,false,false,false,false,false,false,false,false,false,false,false
https://www.goarmy.com/army-life/officer-training,true,false,false,false,false,false,false,false,false,false,false,false,false,false,false,false,true
https://www.bancocajasocial.com/inversion/fic-corto-plazo/,false,false,false,false,false,false,false,false,false,false,false,false,false,false,false,false,false
https://freever.ua/cholovichiy-girskolizhniy-odyag/,false,false,false,false,false,false,false,false,false,false,false,false,false,false,false,false,false
https://courson.xyz/blog/complete-guide-portfolio-building-online-courses/,false,false,false,false,false,false,false,false,false,false,false,false,false,false,false,false,false
https://pubeasy.io/careers.html,false,false,false,false,false,false,false,false,false,false,false,false,false,false,false,false,false
https://wayangv3.xyz/v2/category/others,false,false,false,false,false,false,false,false,false,false,false,false,false,false,false,false,false
https://www.securitas.es/servicios/servicios-remotos-seguridad/centro-operaciones/,false,false,false,false,false,false,false,false,false,false,false,false,false,false,false,false,false
https://aeolservice.es/presentacion-aeol/,false,false,false,false,false,false,false,false,false,false,false,false,false,false,false,false,false
https://www.intellecap.com/casestudy/strengthening-maharashtras-climate-resilience-through-sustainable-soil-management/,false,false,false,false,false,false,false,false,false,false,false,false,false,false,false,false,false
https://www.xosominhngoc.com/so-dau-duoi/mien-bac/thu-ba.html,false,false,false,false,false,false,false,false,false,false,false,false,false,false,false,false,false
https://www.coingecko.com/en/converter,true,false,false,false,false,false,false,false,false,false,false,false,false,false,false,false,true
https://kkslotswin.com/en-my/registration.aspx,false,false,false,false,false,false,false,false,false,false,false,false,false,false,false,false,false
https://republikbobotoh.com/2026/09/21/persib-menang-di-markas-persijap-dalam-kondisi-tersiksa,false,false,false,false,false,false,false,false,false,false,false,false,false,false,false,false,false
https://pioneer-portfolio.webflow.io,false,false,false,false,false,false,false,false,false,false,false,false,false,false,false,false,false
http://status.squarespace.com,false,false,false,false,false,false,false,false,false,false,false,false,false,false,false,false,false
https://de.squarespace.com,true,false,false,false,false,false,false,false,false,false,false,false,false,false,false,false,true
https://developers.squarespace.com/,false,false,false,false,false,false,false,false,false,false,false,false,false,false,false,false,false
https://dark-bulls.ghost.io,false,false,false,false,false,false,false,false,false,false,false,false,false,false,false,false,false
https://dealscatchers.ghost.io,false,false,false,false,false,false,false,false,false,false,false,false,false,false,false,false,false
https://lugg.ghost.io,false,false,false,false,false,false,false,false,false,false,false,false,false,false,false,false,false
https://siesta.pl/,false,false,false,false,false,false,false,false,false,false,false,false,false,false,false,false,false
https://cbb.gov.bh/,false,false,false,false,false,false,false,false,false,false,false,false,false,false,false,false,false
https://clever-pv.com/,false,false,false,false,false,false,false,false,false,false,false,false,false,false,false,false,false
https://slideuplift.com/,false,false,false,false,false,false,false,false,false,false,false,false,false,false,false,false,false
https://templetonprize.org/,false,false,false,false,false,false,false,false,false,false,false,false,false,false,false,false,false
https://avayler.com/,false,false,false,false,false,false,false,false,false,false,false,false,false,false,false,false,false
https://bldup.com/,false,false,false,false,false,false,false,false,false,false,false,false,false,false,false,false,false
https://fountasandpinnell.com/,false,false,false,false,false,false,false,false,false,false,false,false,false,false,false,false,false
https://additioapp.com/,false,false,false,false,false,false,false,false,false,false,false,false,false,false,false,false,false
https://inexchange.se/,false,false,false,false,false,false,false,false,false,false,false,false,false,false,false,false,false
https://carluccios.com/,false,false,false,false,false,false,false,false,false,false,false,false,false,false,false,false,false
https://hechtundbarsch.de/,true,false,false,false,false,false,false,false,false,false,false,false,false,false,false,false,true
https://minicoton.com/,false,false,false,false,false,false,false,false,false,false,false,false,false,false,false,false,false
https://miniaturehorde.com/,false,false,false,false,false,false,false,false,false,false,false,false,false,false,false,false,false
https://lotto432ae.com/,true,false,false,false,false,false,false,false,false,false,false,false,false,false,false,false,true
https://axis-marketplace.com/,false,false,false,false,false,false,false,false,false,false,false,false,false,false,false,false,false
https://gallerie.io/,false,false,false,false,false,false,false,false,false,false,false,false,false,false,false,false,false
https://gerolsteiner.de/,false,false,false,false,false,false,false,false,false,false,false,false,false,false,false,false,false
https://kapital.kz/,false,false,false,false,false,false,false,false,false,false,false,false,false,false,false,false,false
https://galateatv.com/,false,false,false,false,false,false,false,false,false,false,false,false,false,false,false,false,false
https://mitce.net/,false,false,false,false,false,false,false,false,false,false,false,false,false,false,false,false,false
https://salesforce-communities.com/,false,false,false,false,false,false,false,false,false,false,false,false,false,false,false,false,false
https://usacs.com/,false,false,false,false,false,false,false,false,false,false,false,false,false,false,false,false,false
https://purina.es/,false,false,false,false,false,false,false,false,false,false,false,false,false,false,false,false,false
https://pollens.fr/,true,false,false,false,false,false,false,false,false,false,false,false,false,false,false,false,true
https://ask-opinions.com/,false,false,false,false,false,false,false,false,false,false,false,false,false,false,false,false,false
https://c24.de/,false,false,false,false,false,false,false,false,false,false,false,false,false,false,false,false,false
https://digicert.com/,true,false,false,true,false,false,false,false,false,false,false,false,false,false,false,false,false
https://amazon.it/,true,false,false,true,false,false,false,false,false,false,false,false,false,false,false,false,false
https://cyon.ch/,true,false,false,true,false,false,false,false,false,false,false,false,false,false,false,false,false
https://magnific.com/,true,false,false,true,false,false,false,false,false,false,false,false,false,true,false,false,false
https://escortsandbabes.com.au/,true,false,false,true,false,false,false,false,false,false,false,false,false,true,false,false,false
https://newport-pleasure.com/,true,false,false,true,false,false,false,false,false,false,false,false,false,true,false,false,false
https://360training.com/,true,false,false,true,false,false,false,false,false,false,false,false,false,true,false,false,false
https://britishnewspaperarchive.co.uk/,true,false,false,true,false,false,false,false,false,false,false,false,false,true,false,false,false
https://playdoit.mx/,true,false,false,true,false,false,false,false,false,false,false,false,false,true,false,false,false
https://diabetesjournals.org/,true,false,false,true,false,false,false,false,false,false,false,false,false,true,false,false,false
https://fivemscripts.shop/,true,false,false,true,false,false,false,false,false,false,false,false,false,true,false,false,false
https://otero.com.ar/,true,false,false,true,false,false,false,false,false,false,false,false,false,true,false,false,false
https://trybunalski.pl/,true,false,false,true,false,false,false,false,false,false,false,false,false,true,false,false,false
https://zap82.ru/,true,false,false,true,false,false,false,false,false,false,false,false,false,false,false,false,false
https://mystyle-store.com/,true,false,false,true,false,false,false,false,false,false,false,false,false,false,false,false,false
https://pornohub.hu/,true,false,false,true,false,false,false,false,false,false,false,false,false,true,false,false,false
https://lepetitmoutard.be/,true,false,false,true,false,false,false,false,false,false,false,false,false,true,false,false,false
https://carrerajeans.com/,true,false,false,true,false,false,false,false,false,false,false,false,false,true,false,false,false
https://techniumscience.com/,true,false,false,true,false,false,false,false,false,false,false,false,false,false,false,false,false
https://ajli.org/,true,false,false,true,false,false,false,false,false,false,false,false,false,true,false,false,false
https://adform.net/,true,false,false,false,false,false,false,false,false,false,false,false,false,true,false,false,false
https://estiavillas.com/,true,false,false,false,false,false,false,false,false,false,false,false,false,true,false,false,false
http://static1.squarespace.com/,true,false,false,false,false,false,false,false,false,false,false,false,false,true,false,false,false
https://nel.goog/,true,true,false,false,false,false,false,false,false,false,false,false,false,false,false,false,false
https://tiktokpangle.us/,true,true,false,false,false,false,false,false,false,false,false,false,false,false,false,false,false
https://facebook.net/,true,true,false,false,false,false,false,false,false,false,false,false,false,false,false,false,false
https://myqcloud.com/,true,true,false,false,false,false,false,false,false,false,false,false,false,false,false,false,false
https://sfx.ms/,true,true,false,false,false,false,false,false,false,false,false,false,false,false,false,false,false
https://awstrack.me/,true,true,false,false,false,false,false,false,false,false,false,false,false,false,false,false,false
https://telstra.net/,true,true,false,false,false,false,false,false,false,false,false,false,false,false,false,false,false
https://plex.bz/,true,true,false,false,false,false,false,false,false,false,false,false,false,false,false,false,false
https://usaa.com/,true,true,false,false,false,false,false,false,false,false,false,false,false,false,false,false,false
https://douyinvod.com/,true,true,false,false,false,false,false,false,false,false,false,false,false,false,false,false,false
https://crpt.tech/,true,true,false,false,false,false,false,false,false,false,false,false,false,false,false,false,false
https://everbridge.net/,true,true,false,false,false,false,false,false,false,false,false,false,false,false,false,false,false
https://bcomo.com/,true,true,false,false,false,false,false,false,false,false,false,false,false,false,false,false,false
https://iwate-med.ac.jp/,true,true,false,false,false,false,false,false,false,false,false,false,false,false,false,false,false
https://atechja.com/,true,true,false,false,false,false,false,false,false,false,false,false,false,false,false,false,false
https://otvpavlu.cz/,true,true,false,false,false,false,false,false,false,false,false,false,false,false,false,false,false
https://ontralink.com/,true,true,false,false,false,false,false,false,false,false,false,false,false,false,false,false,false
https://feiyinetwork.com/,true,true,false,false,false,false,false,false,false,false,false,false,false,false,false,false,false
https://pulsezta.net/,true,true,false,false,false,false,false,false,false,false,false,false,false,false,false,false,false
https://back138.com/,true,true,false,false,false,false,false,false,false,false,false,false,false,false,false,false,false
https://justpaste.it/,true,false,false,false,false,false,false,false,false,false,false,false,false,false,false,true,false
https://digg.com/,false,false,false,false,false,false,false,false,false,false,false,false,false,false,false,false,false
https://inspirehep.net/,true,false,false,false,false,false,false,false,false,false,false,false,false,false,false,true,false
https://play99exch.win/,true,false,false,false,false,false,false,false,false,false,false,false,false,false,false,true,false
https://vistabet.gr/,true,false,false,false,false,false,false,false,false,false,false,false,false,false,false,true,false
https://aftermarket.com/,true,false,false,false,false,false,false,false,false,false,false,false,false,false,false,true,false
https://airbnb.at/,true,false,false,false,false,false,false,false,false,false,false,false,false,false,false,true,false
https://3dsky.org/,true,false,false,false,false,false,false,false,false,false,false,false,false,false,false,true,false
https://techemetapp.com/,true,false,false,false,false,false,false,false,false,false,false,false,false,false,false,true,false
https://dnaspaces.eu/,true,false,false,false,false,false,false,false,false,false,false,false,false,false,false,true,false
https://zi2890fu3v.com/,true,false,false,false,false,false,false,false,false,false,false,false,false,false,false,true,false
https://44ww44ww.com/,true,false,false,false,false,false,false,false,false,false,false,false,false,false,false,true,false
https://x855gg.com/,true,false,false,false,false,false,false,false,false,false,false,false,false,false,false,true,false
https://rankone.global/,true,false,false,false,false,false,false,false,false,false,false,false,false,false,false,true,false
https://vinted.lu/,false,false,false,false,false,false,false,false,false,false,false,false,false,false,false,false,false
https://kinolights.com/,true,false,false,false,false,false,false,false,false,false,false,false,false,false,false,false,true
https://edreams.co.uk/,true,false,false,false,false,false,false,false,false,false,false,false,false,false,false,false,true
https://yaga.ee/,true,false,false,false,false,false,false,false,false,false,false,false,false,false,false,false,true
https://agropoliya.ru/,true,false,false,false,false,false,false,false,false,false,false,false,true,false,false,false,false
https://bandai-hobby.net/,true,false,false,false,false,false,false,false,false,false,false,false,true,false,false,false,false
https://axisgis.com/,true,false,false,false,false,false,false,false,false,false,false,false,true,false,false,false,false
https://www.cne.gob.mx/cre/archivo/agenda,true,false,false,false,false,false,false,false,false,false,false,false,true,false,false,false,false
https://navitime.biz/,true,false,false,false,false,false,false,false,false,false,false,true,false,false,false,false,false
https://mrf.io/,true,false,false,false,false,false,false,false,false,false,false,false,false,false,true,false,false
https://mnet.web.id/,true,false,false,false,false,false,false,false,false,false,false,false,false,false,true,false,false
https://musicteachershelper.com/,true,false,false,false,false,false,false,false,false,false,false,false,false,false,true,false,false
https://msbldy.shop/,true,false,false,false,true,false,false,false,false,false,false,false,false,false,false,false,false
https://action.com/,true,false,false,false,false,false,false,true,false,false,false,false,false,false,false,false,false
https://vietfreefun.com/,true,false,false,false,false,false,false,true,false,false,true,false,false,false,false,false,false
https://scandalbeauties.com/,true,false,false,false,false,false,false,true,false,false,false,false,false,false,false,false,false
https://satrack.com/,true,false,false,false,false,true,false,false,false,false,false,false,false,true,false,false,false
https://artofliving.online/,true,false,false,false,false,false,false,false,true,false,false,false,false,false,false,false,false
https://google.hr/,false,false,false,false,false,false,false,false,false,false,false,false,false,false,false,false,false
https://imolive.tv/,true,false,true,false,false,false,false,false,false,false,false,false,false,false,false,false,false
https://kissjav.li/,false,false,false,false,false,false,false,false,false,false,false,false,false,false,false,false,false
https://awsdns-40.co.uk/,true,true,false,false,false,false,false,false,false,false,false,false,false,false,false,false,false
https://blikk.hu/,false,false,false,false,false,false,false,false,false,false,false,false,false,false,false,false,false
https://dreammail.jp/,false,false,false,false,false,false,false,false,false,false,false,false,false,false,false,false,false
https://alcmpn.com/,true,true,false,false,false,false,false,false,false,false,false,false,false,false,false,false,false
https://instabug.com/,false,false,false,false,false,false,false,false,false,false,false,false,false,false,false,false,false
https://mobcup.fm/,true,false,false,false,false,false,false,false,false,false,false,false,false,false,false,true,false
https://sattamatkano1.me/,false,false,false,false,false,false,false,false,false,false,false,false,false,false,false,false,false
https://gdms.cloud/,true,false,false,false,false,false,false,false,false,false,false,false,false,false,false,true,false
https://sfile.co/,false,false,false,false,false,false,false,false,false,false,false,false,false,false,false,false,false
https://tenable.com/,false,false,false,false,false,false,false,false,false,false,false,false,false,false,false,false,false
https://allegro.com/,true,false,false,true,false,false,false,false,false,false,false,false,false,true,false,false,false
https://cafef.vn/,true,false,false,false,false,false,false,false,false,false,false,false,false,false,false,false,true
https://mpg.de/,false,false,false,false,false,false,false,false,false,false,false,false,false,false,false,false,false
https://mygaru.com/,false,false,false,false,false,false,false,false,false,false,false,false,false,false,false,false,false
https://tvazteca.com/,false,false,false,false,false,false,false,false,false,false,false,false,false,false,false,false,false
https://bidmachine.io/,false,false,false,false,false,false,false,false,false,false,false,false,false,false,false,false,false
https://tradplusad.com/,false,false,false,false,false,false,false,false,false,false,false,false,false,false,false,false,false
https://blogspot.ca/,false,false,false,false,false,false,false,false,false,false,false,false,false,false,false,false,false
https://warwick.ac.uk/,false,false,false,false,false,false,false,false,false,false,false,false,false,false,false,false,false
https://amazoncognito.com/,true,true,false,false,false,false,false,false,false,false,false,false,false,false,false,false,false
https://kvcore.com/,true,false,false,false,false,false,false,false,true,false,false,false,false,false,false,true,false
https://sknt.ru/,false,false,false,false,false,false,false,false,false,false,false,false,false,false,false,false,false
https://spark.gov.in/,true,true,false,false,false,false,false,false,false,false,false,false,false,false,false,false,false
https://goldbett.org/,false,false,false,false,false,false,false,false,false,false,false,false,false,false,false,false,false
https://carnow.com/,false,false,false,false,false,false,false,false,false,false,false,false,false,false,false,false,false
https://ntprog.com/,true,false,false,false,false,false,false,false,false,false,false,false,false,false,false,true,false
https://redwingshoes.com/,true,false,false,false,false,false,false,false,false,false,false,false,false,false,false,false,true
https://solvhealth.com/,true,false,false,true,false,false,false,false,false,false,false,false,false,true,false,false,false
https://prospektewoche.de/,false,false,false,false,false,false,false,false,false,false,false,false,false,false,false,false,false
https://qoto.org/,true,false,false,false,false,false,false,false,true,false,false,false,false,false,false,false,false
https://biligame.com/,true,false,false,false,false,false,false,false,false,false,false,false,false,false,false,true,false
https://collshp.com/,true,false,false,false,false,false,false,false,false,false,false,false,false,false,false,true,false
https://hostgator.co/,false,false,false,false,false,false,false,false,false,false,false,false,false,false,false,false,false
https://ravennatoday.it/,false,false,false,false,false,false,false,false,false,false,false,false,false,false,false,false,false
https://nestpensions.org.uk/,false,false,false,false,false,false,false,false,false,false,false,false,false,false,false,false,false
https://truehostdns.com/,true,false,false,false,false,false,false,false,false,false,true,false,false,false,false,false,false
https://gazettelive.co.uk/,false,false,false,false,false,false,false,false,false,false,false,false,false,false,false,false,false
https://pittstate.edu/,false,false,false,false,false,false,false,false,false,false,false,false,false,false,false,false,false
https://orgasmatrix.com/,false,false,false,false,false,false,false,false,false,false,false,false,false,false,false,false,false
https://juno-beauty-pe.com/,false,false,false,false,false,false,false,false,false,false,false,false,false,false,false,false,false
https://bjdsppa.com/,true,true,false,false,false,false,false,false,false,false,false,false,false,false,false,false,false
https://zonebourse.com/,true,false,false,false,false,false,false,false,false,false,false,false,false,false,false,false,true
https://mediacongo.net/,false,false,false,false,false,false,false,false,false,false,false,false,false,false,false,false,false
https://hela-lankaa-ads.com/,false,false,false,false,false,false,false,false,false,false,false,false,false,false,false,false,false
https://wtoc.com/,true,false,false,false,false,false,false,false,false,false,false,false,false,false,false,false,true
https://speakeasy.net/,false,false,false,false,false,false,false,false,false,false,false,false,false,false,false,false,false
https://dcist.com/,false,false,false,false,false,false,false,false,false,false,false,false,false,false,false,false,false
https://buzzbii.com/,true,false,false,true,false,false,false,false,false,false,false,false,false,true,false,false,false
https://time-host.net/,false,false,false,false,false,false,false,false,false,false,false,false,false,false,false,false,false
https://policyalternatives.ca/,false,false,false,false,false,false,false,false,false,false,false,false,false,false,false,false,false
https://randomuser.me/,true,false,false,false,false,false,false,false,false,false,false,false,false,false,false,false,true
https://ingressodigital.com/,false,false,false,false,false,false,false,false,false,false,false,false,false,false,false,false,false
https://vndly.com/,false,false,false,false,false,false,false,false,false,false,false,false,false,false,false,false,false
https://flashflashrevolution.com/,true,false,false,false,false,false,false,false,false,false,false,false,false,false,false,false,true
https://xiaotv.fun/,false,false,false,false,false,false,false,false,false,false,false,false,false,false,false,false,false
https://instagramhilecim.com/,true,true,false,false,false,false,false,false,false,false,false,false,false,false,false,false,false
https://casino525.online/,true,false,false,false,false,false,false,false,false,false,false,false,false,false,true,false,false
https://uvpn.me/,false,false,false,false,false,false,false,false,false,false,false,false,false,false,false,false,false
https://fnuoos.com/,true,true,false,false,false,false,false,false,false,false,false,false,false,false,false,false,false
https://lovetotherescue.org/,false,false,false,false,false,false,false,false,false,false,false,false,false,false,false,false,false
https://buypenthouseindubai.com/,false,false,false,false,false,false,false,false,false,false,false,false,false,false,false,false,false
https://pera-bet-yeni59.icu/,true,false,false,true,false,false,false,false,false,false,false,false,false,true,false,false,false
https://mairie-saintremydeprovence.com/,false,false,false,false,false,false,false,false,false,false,false,false,false,false,false,false,false
https://feline-holidays.com/,false,false,false,false,false,false,false,false,false,false,false,false,false,false,false,false,false
https://fights.cz/,false,false,false,false,false,false,false,false,false,false,false,false,false,false,false,false,false
https://bokser.org/,false,false,false,false,false,false,false,false,false,false,false,false,false,false,false,false,false
https://tdok.com.ua/,true,false,false,false,false,false,false,false,false,false,false,false,false,false,true,false,false
https://britcasinoproject.uk/,false,false,false,false,false,false,false,false,false,false,false,false,false,false,false,false,false
https://theloadstar.com/,false,false,false,false,false,false,false,false,false,false,false,false,false,false,false,false,false
https://goodnewspilipinas.com/,false,false,false,false,false,false,false,false,false,false,false,false,false,false,false,false,false
https://pavilionbroadway.co.uk/,true,false,false,true,false,false,false,false,false,false,false,false,false,true,false,false,false
https://pw12pa2r.com/,true,false,false,false,false,false,false,false,false,false,false,false,false,false,false,true,false
https://uzmantescil.com/,true,false,false,false,false,false,false,false,false,false,true,false,false,false,false,false,false
https://bongacams78.com/,false,false,false,false,false,false,false,false,false,false,false,false,false,false,false,false,false
https://urbansuperstore.uk/,false,false,false,false,false,false,false,false,false,false,false,false,false,false,false,false,false
https://abeofootwear.com/,true,false,false,true,false,false,false,false,false,false,false,false,false,true,false,false,false
https://obr04.ru/,true,true,false,false,false,false,false,false,false,false,false,false,false,false,false,false,false
https://upscapital.com/,true,false,false,false,false,false,false,false,false,false,false,false,false,false,false,true,false
https://bansalnews.com/,true,false,false,false,false,false,false,false,false,false,false,false,false,false,false,false,true
https://dailythemedcrosswordanswers.com/,true,false,false,false,false,false,false,false,false,false,false,false,false,true,false,false,false
https://oneweb.world/,false,false,false,false,false,false,false,false,false,false,false,false,false,false,false,false,false
https://xdcam-user.com/,false,false,false,false,false,false,false,false,false,false,false,false,false,false,false,false,false
https://londoncabz.co.uk/,true,true,false,false,false,false,false,false,false,false,false,false,false,false,false,false,false
https://chatslide.ai/,false,false,false,false,false,false,false,false,false,false,false,false,false,false,false,false,false
https://aviatnetworks.com/,true,false,false,false,false,false,false,false,false,false,false,false,false,true,false,false,false
https://titolive.com/,true,false,false,false,false,false,false,false,true,false,false,false,false,false,false,false,false
https://sacredsheetmusic.org/,true,true,false,false,false,false,false,false,false,false,false,false,false,false,false,false,false
https://tinymdm.net/,true,false,false,false,false,false,false,false,false,false,false,false,false,false,false,false,true
https://dhaniwin.fun/,true,false,false,false,false,false,false,false,false,false,false,false,false,false,false,true,false
https://vividviewlucky.it/,false,false,false,false,false,false,false,false,false,false,false,false,false,false,false,false,false
https://ggg852.com/,true,false,false,false,false,false,false,false,false,false,false,false,false,false,false,true,false
https://mewmews.com/,false,false,false,false,false,false,false,false,false,false,false,false,false,false,false,false,false
https://mewmews.com/collections/accessories,false,false,false,false,false,false,false,false,false,false,false,false,false,false,false,false,false
https://tryravine.com/,false,false,false,false,false,false,false,false,false,false,false,false,false,false,false,false,false
https://www.tryravine.com/collections/all,false,false,false,false,false,false,false,false,false,false,false,false,false,false,false,false,false
https://sprzataniepopozarach.pl/products/iphone-17-pro-mg8h4x-a,true,false,false,false,false,false,false,false,false,false,false,false,true,false,false,false,false
https://giriusa.com/,false,false,false,false,false,false,false,false,false,false,false,false,false,false,false,false,false
https://giriusa.com/collections/sindoor-box,false,false,false,false,false,false,false,false,false,false,false,false,false,false,false,false,false
https://cdncoin.com/,false,false,false,false,false,false,false,false,false,false,false,false,false,false,false,false,false
https://cdncoin.com/collections/new-arrivals/products/2027-1-australian-lunar-series-year-of-the-goat-pure-silver-3-coin-set,true,false,false,false,false,false,false,false,false,false,false,false,false,false,false,false,true
https://oatsovernight.com/,false,false,false,false,false,false,false,false,false,false,false,false,false,false,false,false,false
https://oatsovernight.com/products/custom-bundle,true,false,false,false,false,false,false,false,false,false,false,false,false,false,false,false,true
https://urbanmacaw.com/,true,false,false,false,false,false,false,false,false,false,false,false,false,false,false,false,true
https://urbanmacaw.com/collections/kinder-joy,true,false,false,false,false,false,false,false,false,false,false,false,false,false,false,false,true
https://pinkysstore.com/,false,false,false,false,false,false,false,false,false,false,false,false,false,false,false,false,false
https://pinkysstore.com/collections/picnic,false,false,false,false,false,false,false,false,false,false,false,false,false,false,false,false,false
https://bottleneckgallery.com/,false,false,false,false,false,false,false,false,false,false,false,false,false,false,false,false,false
https://bottleneckgallery.com/products/dungeon-crawler-carl-special-edition-0-bean-cgc-graded-9-8-free-comic,false,false,false,false,false,false,false,false,false,false,false,false,false,false,false,false,false
https://miniorange.com/,false,false,false,false,false,false,false,false,false,false,false,false,false,false,false,false,false
https://www.miniorange.com:443/products/user-lifecycle-management,false,false,false,false,false,false,false,false,false,false,false,false,false,false,false,false,false
https://autoparts-europe.eu/,false,false,false,false,false,false,false,false,false,false,false,false,false,false,false,false,false
https://powergym.fr/,false,false,false,false,false,false,false,false,false,false,false,false,false,false,false,false,false
https://longhoshop.com/,false,false,false,false,false,false,false,false,false,false,false,false,false,false,false,false,false
https://macweb.com.br/,false,false,false,false,false,false,false,false,false,false,false,false,false,false,false,false,false
https://siliad.gr/,false,false,false,false,false,false,false,false,false,false,false,false,false,false,false,false,false
https://hartkorn-gewuerze.de/,false,false,false,false,false,false,false,false,false,false,false,false,false,false,false,false,false
https://ideahosting.cl/,false,false,false,false,false,false,false,false,false,false,false,false,false,false,false,false,false
https://denhatdinh.com/,false,false,false,false,false,false,false,false,false,false,false,false,false,false,false,false,false
https://denhatdinh.com/category/kien-thuc-ve-dinh-dong/,false,false,false,false,false,false,false,false,false,false,false,false,false,false,false,false,false
https://crockadoodle.com/,false,false,false,false,false,false,false,false,false,false,false,false,false,false,false,false,false
https://twitgoo.com/,false,false,false,false,false,false,false,false,false,false,false,false,false,false,false,false,false
https://twitgoo.com/category/gambling/,false,false,false,false,false,false,false,false,false,false,false,false,false,false,false,false,false
https://medicalfuture.org/,true,false,false,false,false,true,false,false,false,false,false,false,false,false,false,false,false
https://bus-boxx.de/,false,false,false,false,false,false,false,false,false,false,false,false,false,false,false,false,false
https://bus-boxx.de/shop/,false,false,false,false,false,false,false,false,false,false,false,false,false,false,false,false,false
https://humttoland.com/,false,false,false,false,false,false,false,false,false,false,false,false,false,false,false,false,false
https://humttoland.com/shop/,false,false,false,false,false,false,false,false,false,false,false,false,false,false,false,false,false
https://sitiodobebe.com/,false,false,false,false,false,false,false,false,false,false,false,false,false,false,false,false,false
https://themirch.com/,false,false,false,false,false,false,false,false,false,false,false,false,false,false,false,false,false
https://www.themirch.com/categories/,false,false,false,false,false,false,false,false,false,false,false,false,false,false,false,false,false
https://mellowyellow.com/,false,false,false,false,false,false,false,false,false,false,false,false,false,false,false,false,false
https://gadzety24.pl/,false,false,false,false,false,false,false,false,false,false,false,false,false,false,false,false,false
https://collistar.com/,true,false,false,false,false,false,false,false,false,false,false,false,false,false,false,true,false
https://www.collistar.com/int/catalog/category/view/s/cleansers/id/5/,true,false,false,false,false,false,false,false,false,false,false,false,false,false,false,false,true
https://gpscentrum.cz/,false,false,false,false,false,false,false,false,false,false,false,false,false,false,false,false,false
"https://www.gpscentrum.cz/catalog/product_compare/add/product/2271/uenc/aHR0cHM6Ly93d3cuZ3BzY2VudHJ1bS5jei8,/form_key/fVcHKEp6fQZ8a0TA/",true,false,false,false,false,false,false,true,false,false,false,false,false,false,false,false,false
https://conforama.it/,false,false,false,false,false,false,false,false,false,false,false,false,false,false,false,false,false
https://oceanic.pl/,false,false,false,false,false,false,false,false,false,false,false,false,false,false,false,false,false
https://bilki.bg/,false,false,false,false,false,false,false,false,false,false,false,false,false,false,false,false,false
https://bilki.bg/catalog/category/view/s/promotsiya-bioherba-dobavki/id/277/,false,false,false,false,false,false,false,false,false,false,false,false,false,false,false,false,false
https://military1st.co.uk/,false,false,false,false,false,false,false,false,false,false,false,false,false,false,false,false,false
https://www.military1st.co.uk/catalog/product/view/id/181357,true,false,false,false,false,false,false,false,false,false,false,false,false,false,false,false,true
https://wetndryboardsports.com/,true,false,false,false,false,false,false,false,false,false,false,false,false,false,false,false,true
https://simplicity.com/,true,false,false,false,false,false,false,false,false,false,false,false,false,false,false,false,true
https://simplicity.com/collections/learn-to-sew/,false,false,false,false,false,false,false,false,false,false,false,false,false,false,false,false,false
https://www.yourobserver.com/news/latest/all/,false,false,false,false,false,false,false,false,false,false,false,false,false,false,false,false,false
https://www.studentagency.cz/,true,false,false,false,false,false,false,false,false,false,false,false,false,false,false,false,true
https://www.dacast.com/?from=legacy,false,false,false,false,false,false,false,false,false,false,false,false,false,false,false,false,false
https://www.tokocrypto.com/,true,false,false,false,false,false,false,false,false,false,false,false,false,false,false,false,true
https://www.americanmuscle.com/,false,false,false,false,false,false,false,false,false,false,false,false,false,false,false,false,false
https://www.irishtimes.com/,false,false,false,false,false,false,false,false,false,false,false,false,false,false,false,false,false
https://www.iqvia.com/events,true,false,false,false,false,false,false,false,false,false,false,false,false,false,false,false,true
https://arab-xn.com/category/%d8%b3%d9%83%d8%b3-%d9%85%d8%a7%d9%8a%d8%a7-%d8%ae%d9%84%d9%8a%d9%81%d8%a9/,false,false,false,false,false,false,false,false,false,false,false,false,false,false,false,false,false
https://www.hifisoundconnection.com/,false,false,false,false,false,false,false,false,false,false,false,false,false,false,false,false,false
https://unesum.edu.ec/,false,false,false,false,false,false,false,false,false,false,false,false,false,false,false,false,false
https://www.prozeny.cz/,false,false,false,false,false,false,false,false,false,false,false,false,false,false,false,false,false
https://forbion.ru/,false,false,false,false,false,false,false,false,false,false,false,false,false,false,false,false,false
https://www.shaneco.com/favorites/search,false,false,false,false,false,false,false,false,false,false,false,false,false,false,false,false,false
https://1xbetjap.com/en,true,false,false,false,false,false,false,false,false,false,false,false,false,false,false,false,true
https://resume.io/,false,false,false,false,false,false,false,false,false,false,false,false,false,false,false,false,false
https://www.aol.ca:443/,false,false,false,false,false,false,false,false,false,false,false,false,false,false,false,false,false
https://www.mapclub.com/,true,false,false,false,false,false,false,false,false,false,false,false,false,false,false,false,true
https://culturemap.com/,false,false,false,false,false,false,false,false,false,false,false,false,false,false,false,false,false
https://www.hatch.co/,false,false,false,false,false,false,false,false,false,false,false,false,false,false,false,false,false
https://www.escort-side.dk/search?search_string=&ad_service=Escort&ad_country=sjælland&ad_offered_by=&issearch=true&st=n0,false,false,false,false,false,false,false,false,false,false,false,false,false,false,false,false,false
https://primexbt.com/crypto-futures/markets,true,false,false,false,false,false,false,false,false,false,false,false,false,false,false,false,true
https://servis.pk/collections/boys,false,false,false,false,false,false,false,false,false,false,false,false,false,false,false,false,false
https://www.cnh.com,true,false,false,false,false,false,false,false,false,false,false,false,false,false,false,false,true
https://akunjp17.store/,false,false,false,false,false,false,false,false,false,false,false,false,false,false,false,false,false
https://www.huffpost.com/search,false,false,false,false,false,false,false,false,false,false,false,false,false,false,false,false,false
https://pricempire.com/deals/cheapest-covert-cs2-skins,false,false,false,false,false,false,false,false,false,false,false,false,false,false,false,false,false
https://www.cimb.com.my/en/personal/home.html,true,false,false,false,false,false,false,false,false,false,false,false,false,false,false,false,true
https://www.perugiatoday.it/,false,false,false,false,false,false,false,false,false,false,false,false,false,false,false,false,false
https://www.bauer.com/,false,false,false,false,false,false,false,false,false,false,false,false,false,false,false,false,false
https://psmattas.com/,true,false,false,false,false,false,false,false,false,false,false,false,false,false,false,true,false
https://www.ktronix.com,false,false,false,false,false,false,false,false,false,false,false,false,false,false,false,false,false
https://www.shopwss.com/,true,false,false,false,false,false,false,false,false,false,false,false,false,false,false,false,true
https://xyxxcrew.com/,false,false,false,false,false,false,false,false,false,false,false,false,false,false,false,false,false
https://www.coram.ai/,false,false,false,false,false,false,false,false,false,false,false,false,false,false,false,false,false
https://superbottoms.com/,false,false,false,false,false,false,false,false,false,false,false,false,false,false,false,false,false
https://www.powerplanetonline.com/es,false,false,false,false,false,false,false,false,false,false,false,false,false,false,false,false,false
https://scroll.in/latest/1096077/unrest-in-ujjain-over-mosque-demolition-hc-disposes-muslim-side-appeal-portion-of-structure-razed,false,false,false,false,false,false,false,false,false,false,false,false,false,false,false,false,false
https://arihantbooks.com/collections/defence-exams,false,false,false,false,false,false,false,false,false,false,false,false,false,false,false,false,false
https://hichee.com/,false,false,false,false,false,false,false,false,false,false,false,false,false,false,false,false,false
https://sfpl.org/,true,false,false,false,false,false,false,false,false,false,false,false,false,false,false,false,true
https://www.uxuy.com/,false,false,false,false,false,false,false,false,false,false,false,false,false,false,false,false,false
https://flexcity.app,true,false,false,false,false,false,false,false,false,false,false,false,false,false,false,false,true
https://www.indiaonline.in/,false,false,false,false,false,false,false,false,false,false,false,false,false,false,false,false,false
https://admicro.vn/,false,false,false,false,false,false,false,false,false,false,false,false,false,false,false,false,false
https://dukeupress.edu/,false,false,false,false,false,false,false,false,false,false,false,false,false,false,false,false,false
https://www.astronomer.io/events/,false,false,false,false,false,false,false,false,false,false,false,false,false,false,false,false,false
https://shop.amodil.com,false,false,false,false,false,false,false,false,false,false,false,false,false,false,false,false,false
https://madhulikaliddle.com/,false,false,false,false,false,false,false,false,false,false,false,false,false,false,false,false,false
https://museumca.org/events,false,false,false,false,false,false,false,false,false,false,false,false,false,false,false,false,false
https://conectaprofessores.com/,false,false,false,false,false,false,false,false,false,false,false,false,false,false,false,false,false
https://www.watchguard.com/,false,false,false,false,false,false,false,false,false,false,false,false,false,false,false,false,false
https://www.mexc.com/,true,false,false,false,false,false,false,false,false,false,false,false,false,false,false,false,true
https://www.zooniverse.org/,true,false,false,false,false,false,false,false,false,false,false,false,false,false,false,true,false
https://plumvillage.org/,false,false,false,false,false,false,false,false,false,false,false,false,false,false,false,false,false
https://www.parcelpanel.com,false,false,false,false,false,false,false,false,false,false,false,false,false,false,false,false,false
https://www.meteoetradar.com:443/,true,false,false,false,false,false,false,false,false,false,false,false,false,false,false,false,true
https://www.tokyvideo.com/,false,false,false,false,false,false,false,false,false,false,false,false,false,false,false,false,false
https://www.hostingsolutions.cz/,false,false,false,false,false,false,false,false,false,false,false,false,false,false,false,false,false
https://www.intesasanpaolo.com/,false,false,false,false,false,false,false,false,false,false,false,false,false,false,false,false,false
https://imagevenue.com/,true,false,false,false,false,false,false,false,false,false,false,false,false,false,true,false,false
https://uns.ac.id/id/,false,false,false,false,false,false,false,false,false,false,false,false,false,false,false,false,false
https://faphouse.com,false,false,false,false,false,false,false,false,false,false,false,false,false,false,false,false,false
https://www.sydneyairport.com.au/,false,false,false,false,false,false,false,false,false,false,false,false,false,false,false,false,false
https://www.sanbi.org/events/,false,false,false,false,false,false,false,false,false,false,false,false,false,false,false,false,false
https://gamersupps.gg/collections/caffeine-free,false,false,false,false,false,false,false,false,false,false,false,false,false,false,false,false,false
https://bloompeak.io/,false,false,false,false,false,false,false,false,false,false,false,false,false,false,false,false,false
https://www.diamondartclub.com/en-jp/collections/mini-dazzles,false,false,false,false,false,false,false,false,false,false,false,false,false,false,false,false,false
https://miskler.ru/,true,false,false,false,false,false,false,false,false,false,false,false,false,false,false,true,false
https://www.nn.ru/,true,false,false,true,false,false,false,false,false,false,false,false,false,true,false,false,false
https://alzad.ae/,false,false,false,false,false,false,false,false,false,false,false,false,false,false,false,false,false
https://www.dataversity.net/,false,false,false,false,false,false,false,false,false,false,false,false,false,false,false,false,false
https://m.tribe-m.jp/static/shop/index,false,false,false,false,false,false,false,false,false,false,false,false,false,false,false,false,false
https://ludopedia.com.br/,false,false,false,false,false,false,false,false,false,false,false,false,false,false,false,false,false
https://nameswriter.com/,false,false,false,false,false,false,false,false,false,false,false,false,false,false,false,false,false
https://playkaro365.com/,true,false,false,false,false,false,false,false,false,false,false,false,false,false,false,false,true
https://www.banca43.com.br/,false,false,false,false,false,false,false,false,false,false,false,false,false,false,false,false,false
https://nt-rt.ru/,true,false,false,false,false,false,false,false,false,false,false,false,false,false,false,false,true
https://www.berliner-zeitung.de/,false,false,false,false,false,false,false,false,false,false,false,false,false,false,false,false,false
https://mega.io/objectstorage,true,false,false,false,false,false,false,false,false,false,false,false,false,false,false,false,true
https://www.clanmanhwa.com/,false,false,false,false,false,false,false,false,false,false,false,false,false,false,false,false,false
https://huarenok.com/,false,false,false,false,false,false,false,false,false,false,false,false,false,false,false,false,false
https://leviton.com/markets/entertainment,false,false,false,false,false,false,false,false,false,false,false,false,false,false,false,false,false
https://www.hoorn-carbide.com/,false,false,false,false,false,false,false,false,false,false,false,false,false,false,false,false,false
https://www.solarserver.de/,true,false,false,false,false,false,false,false,false,false,false,false,false,false,false,false,true
https://www.openproject.org/,false,false,false,false,false,false,false,false,false,false,false,false,false,false,false,false,false
https://fztvseries.ng/,false,false,false,false,false,false,false,false,false,false,false,false,false,false,false,false,false
https://clicrbs.com.br/,false,false,false,false,false,false,false,false,false,false,false,false,false,false,false,false,false
https://123apps.com/,false,false,false,false,false,false,false,false,false,false,false,false,false,false,false,false,false
https://www.brabus.com/,false,false,false,false,false,false,false,false,false,false,false,false,false,false,false,false,false
https://www.hamline.edu/,false,false,false,false,false,false,false,false,false,false,false,false,false,false,false,false,false
https://www.zebra.com/us/en/software/workcloud-solutions/workcloud-demand-intelligence-suite.html,false,false,false,false,false,false,false,false,false,false,false,false,false,false,false,false,false
https://www.unclaimedbaggage.com/collections/fallcollection,true,false,false,false,false,false,false,false,false,false,false,false,false,false,false,false,true
https://xigzag.com/,false,false,false,false,false,false,false,false,false,false,false,false,false,false,false,false,false
https://bond.edu.au/,false,false,false,false,false,false,false,false,false,false,false,false,false,false,false,false,false
https://www.cj2.nl/,false,false,false,false,false,false,false,false,false,false,false,false,false,false,false,false,false
https://www.strawberry.se/,true,false,false,false,false,false,false,false,false,false,false,false,false,false,false,false,true
https://www.mariages.net/,false,false,false,false,false,false,false,false,false,false,false,false,false,false,false,false,false
https://justhost.ru/en,false,false,false,false,false,false,false,false,false,false,false,false,false,false,false,false,false
https://powster.com/,false,false,false,false,false,false,false,false,false,false,false,false,false,false,false,false,false
https://www.parmatoday.it/,false,false,false,false,false,false,false,false,false,false,false,false,false,false,false,false,false
https://www.smoothradio.com/,true,false,false,false,false,false,false,false,false,false,false,false,false,false,false,false,true
https://www.dsv.com/en,false,false,false,false,false,false,false,false,false,false,false,false,false,false,false,false,false
https://trisula88-menu.beauty/,true,false,false,false,false,false,false,false,false,false,false,false,false,false,false,false,true
https://pammys.com/en,false,false,false,false,false,false,false,false,false,false,false,false,false,false,false,false,false
https://www.kurashiru.com:443/categories,true,false,false,false,false,false,false,false,false,false,false,false,false,false,false,false,true
https://www.letemsvetemapplem.eu/,true,false,false,false,false,false,false,false,false,false,false,false,false,false,false,false,true
https://www.covers.com:443/,true,false,false,false,false,false,false,false,false,false,false,false,false,false,false,false,true
https://www.lawsociety.org.uk/events/,true,false,false,false,false,false,false,false,false,false,false,false,false,false,false,false,true
https://www.muji.us/collections/pajamas-loungewear,false,false,false,false,false,false,false,false,false,false,false,false,false,false,false,false,false
https://news.jp/,false,false,false,false,false,false,false,false,false,false,false,false,false,false,false,false,false
https://www.groupon.co.uk/deals/brewdog-burgers-2026,true,false,false,false,false,false,false,false,false,false,false,false,false,false,false,false,true
https://snapinsta.ai/,false,false,false,false,false,false,false,false,false,false,false,false,false,false,false,false,false
https://www.onsemi.com/company/events,false,false,false,false,false,false,false,false,false,false,false,false,false,false,false,false,false
https://91q.com/,true,false,false,false,false,false,false,false,false,false,false,false,false,false,false,false,true
https://hockeycanada.ca/,false,false,false,false,false,false,false,false,false,false,false,false,false,false,false,false,false
https://www.arabiaweather.com/,false,false,false,false,false,false,false,false,false,false,false,false,false,false,false,false,false
https://jktyre.com/search/pcr,false,false,false,false,false,false,false,false,false,false,false,false,false,false,false,false,false
https://www.celestron.com/,false,false,false,false,false,false,false,false,false,false,false,false,false,false,false,false,false
https://www.parenting.com.tw/category/5,false,false,false,false,false,false,false,false,false,false,false,false,false,false,false,false,false
https://kidshelpphone.ca/get-involved/participate/events/,false,false,false,false,false,false,false,false,false,false,false,false,false,false,false,false,false
https://flyweight.io/reviews,false,false,false,false,false,false,false,false,false,false,false,false,false,false,false,false,false
https://paulbunyan.net/category/News,false,false,false,false,false,false,false,false,false,false,false,false,false,false,false,false,false
https://store.guessjapan.com/category/GT104/,false,false,false,false,false,false,false,false,false,false,false,false,false,false,false,false,false
http://49s.events/lunchtime/results/2026-09-27,false,false,false,false,false,false,false,false,false,false,false,false,false,false,false,false,false
https://www.csir.co.za/events/conferences-and-events/the-8th-rd20-conference,false,false,false,false,false,false,false,false,false,false,false,false,false,false,false,false,false
https://www.gamersguildusa.com/collections/gundam-model-kits,false,false,false,false,false,false,false,false,false,false,false,false,false,false,false,false,false
https://indianxxxvideos.link/categories/,false,false,false,false,false,false,false,false,false,false,false,false,false,false,false,false,false
https://www.justporn.com/categories/homemade/,false,false,false,false,false,false,false,false,false,false,false,false,false,false,false,false,false
https://masahub2.com/categories/,false,false,false,false,false,false,false,false,false,false,false,false,false,false,false,false,false
https://www.lfs.net/shop/licenseselect,false,false,false,false,false,false,false,false,false,false,false,false,false,false,false,false,false
https://exclaimer.com/reviews/,false,false,false,false,false,false,false,false,false,false,false,false,false,false,false,false,false
https://blacktyres.ru/informaciya/reviews/,false,false,false,false,false,false,false,false,false,false,false,false,false,false,false,false,false
https://www.agsoundtrax.com/collections/new-releases,false,false,false,false,false,false,false,false,false,false,false,false,false,false,false,false,false
https://www.netdocuments.com/events/inspire-apac/,false,false,false,false,false,false,false,false,false,false,false,false,false,false,false,false,false
https://explozaogamer.com.br/category/mods-proton-bus/mapas-proton-bus/,false,false,false,false,false,false,false,false,false,false,false,false,false,false,false,false,false
https://www.bahai.org/search,false,false,false,false,false,false,false,false,false,false,false,false,false,false,false,false,false
https://myfloridacfo.com/search/search,false,false,false,false,false,false,false,false,false,false,false,false,false,false,false,false,false
https://www.onmanorama.com/topic/events/1/asian-games.html,false,false,false,false,false,false,false,false,false,false,false,false,false,false,false,false,false
https://ktxs.com/weather/winter-storm-rundown-timeline-and-impacts,false,false,false,false,false,false,false,false,false,false,false,false,false,false,false,false,false
https://www.nscc.ca/search/index.asp,false,false,false,false,false,false,false,false,false,false,false,false,false,false,false,false,false
https://www.anwbcamping.nl/collection/last-minute,false,false,false,false,false,false,false,false,false,false,false,false,false,false,false,false,false
https://madinamerica.com/category/around-the-web,false,false,false,false,false,false,false,false,false,false,false,false,false,false,false,false,false
https://www.esc1.net/services/family/adult-education/events,false,false,false,false,false,false,false,false,false,false,false,false,false,false,false,false,false
https://www.expertduturf.com/search?updated-max=2026-09-27T06:55:00-07:00&max-results=10,false,false,false,false,false,false,false,false,false,false,false,false,false,false,false,false,false
https://mmporns.com/category/myanmar-model-hd/,false,false,false,false,false,false,false,false,false,false,false,false,false,false,false,false,false
https://unu.edu/inweh/collection/environmental-cost-of-AIs-Enrgy-Use-Carbon-water-and-land-footprints,false,false,false,false,false,false,false,false,false,false,false,false,false,false,false,false,false
https://ina.iq/ar/latest,false,false,false,false,false,false,false,false,false,false,false,false,false,false,false,false,false
https://www.thaihometown.com/contractors/category,false,false,false,false,false,false,false,false,false,false,false,false,false,false,false,false,false
https://www.first.org/events,false,false,false,false,false,false,false,false,false,false,false,false,false,false,false,false,false
https://cultstore.com/collections/exercise-bikes,false,false,false,false,false,false,false,false,false,false,false,false,false,false,false,false,false
https://www.neworleans.com/events/live-music-calendar/,true,false,false,false,false,false,false,false,false,false,false,false,false,false,false,false,true
https://ascon.net/search/,false,false,false,false,false,false,false,false,false,false,false,false,false,false,false,false,false
https://www.zegocloud.com/blog/category/customers,false,false,false,false,false,false,false,false,false,false,false,false,false,false,false,false,false
https://www.old-games.ru/catalog/?platform=17,false,false,false,false,false,false,false,false,false,false,false,false,false,false,false,false,false
